event_message,id,identifier,method,path,search,status_code,timestamp
POST | 200 | https://dqrooqgnsvbgarsudhew.supabase.co/admin/v1/network-bans/retrieve | @supabase-infra/mgmt-api/55edfed,e8a81f4a-70ce-4c0e-9da3-74d7a56f136e,dqrooqgnsvbgarsudhew,POST,/admin/v1/network-bans/retrieve,null,200,1776015087051000
POST | 200 | https://dqrooqgnsvbgarsudhew.supabase.co/admin/v1/network-bans/retrieve | @supabase-infra/mgmt-api/55edfed,634cf902-d170-4b2e-8d77-b7bae1f36d8b,dqrooqgnsvbgarsudhew,POST,/admin/v1/network-bans/retrieve,null,200,1776015064111000
POST | 200 | https://dqrooqgnsvbgarsudhew.supabase.co/admin/v1/network-bans/retrieve | @supabase-infra/mgmt-api/55edfed,a832188c-cad9-4e69-b396-8b6fb66b041f,dqrooqgnsvbgarsudhew,POST,/admin/v1/network-bans/retrieve,null,200,1776015047861000
POST | 200 | https://dqrooqgnsvbgarsudhew.supabase.co/admin/v1/network-bans/retrieve | @supabase-infra/mgmt-api/55edfed,34b981d8-75ee-4b07-9d2e-6c18d3568cc1,dqrooqgnsvbgarsudhew,POST,/admin/v1/network-bans/retrieve,null,200,1776015031519000
POST | 200 | https://dqrooqgnsvbgarsudhew.supabase.co/admin/v1/network-bans/retrieve | @supabase-infra/mgmt-api/55edfed,5a0bd56c-b50d-41d6-a3b8-4aef6f3b4281,dqrooqgnsvbgarsudhew,POST,/admin/v1/network-bans/retrieve,null,200,1776015031384000
POST | 200 | https://dqrooqgnsvbgarsudhew.supabase.co/admin/v1/network-bans/retrieve | @supabase-infra/mgmt-api/55edfed,65dc6cc6-6ebe-43ad-ae8d-02676dfba85f,dqrooqgnsvbgarsudhew,POST,/admin/v1/network-bans/retrieve,null,200,1776015007843000
POST | 200 | https://dqrooqgnsvbgarsudhew.supabase.co/admin/v1/network-bans/retrieve | @supabase-infra/mgmt-api/55edfed,219acaa6-7ab4-43e3-827b-ce2e7da25cc0,dqrooqgnsvbgarsudhew,POST,/admin/v1/network-bans/retrieve,null,200,1776015003942000
POST | 200 | https://dqrooqgnsvbgarsudhew.supabase.co/admin/v1/network-bans/retrieve | @supabase-infra/mgmt-api/55edfed,96330ffd-574f-408d-ace6-fdfd913295b1,dqrooqgnsvbgarsudhew,POST,/admin/v1/network-bans/retrieve,null,200,1776015002491000
POST | 200 | https://dqrooqgnsvbgarsudhew.supabase.co/admin/v1/network-bans/retrieve | @supabase-infra/mgmt-api/55edfed,aa9f4ecf-853b-459f-807e-23baf9196237,dqrooqgnsvbgarsudhew,POST,/admin/v1/network-bans/retrieve,null,200,1776014998891000
POST | 200 | https://dqrooqgnsvbgarsudhew.supabase.co/admin/v1/network-bans/retrieve | @supabase-infra/mgmt-api/55edfed,040388aa-8510-4d6b-9643-44270085f7f8,dqrooqgnsvbgarsudhew,POST,/admin/v1/network-bans/retrieve,null,200,1776014989845000
POST | 200 | https://dqrooqgnsvbgarsudhew.supabase.co/admin/v1/network-bans/retrieve | @supabase-infra/mgmt-api/55edfed,fe69a957-6f8a-493a-9dd0-f77beca9ee30,dqrooqgnsvbgarsudhew,POST,/admin/v1/network-bans/retrieve,null,200,1776014982091000
POST | 200 | https://dqrooqgnsvbgarsudhew.supabase.co/admin/v1/network-bans/retrieve | @supabase-infra/mgmt-api/55edfed,5446047e-07ed-47e1-b80b-23ce42796363,dqrooqgnsvbgarsudhew,POST,/admin/v1/network-bans/retrieve,null,200,1776014970397000
POST | 200 | https://dqrooqgnsvbgarsudhew.supabase.co/admin/v1/network-bans/retrieve | @supabase-infra/mgmt-api/55edfed,1d0a7f86-b27c-4d76-8897-19b602abd7ad,dqrooqgnsvbgarsudhew,POST,/admin/v1/network-bans/retrieve,null,200,1776014969567000
POST | 200 | https://dqrooqgnsvbgarsudhew.supabase.co/admin/v1/network-bans/retrieve | @supabase-infra/mgmt-api/55edfed,a127d823-19a8-492a-9e56-1dcaf6379a79,dqrooqgnsvbgarsudhew,POST,/admin/v1/network-bans/retrieve,null,200,1776014956087000
POST | 200 | https://dqrooqgnsvbgarsudhew.supabase.co/admin/v1/network-bans/retrieve | @supabase-infra/mgmt-api/55edfed,85418887-6118-48ee-93ea-29bc458437fb,dqrooqgnsvbgarsudhew,POST,/admin/v1/network-bans/retrieve,null,200,1776014952775000
POST | 200 | https://dqrooqgnsvbgarsudhew.supabase.co/admin/v1/network-bans/retrieve | @supabase-infra/mgmt-api/55edfed,b95fe4d3-a7dd-4bdc-9ad6-dfe5e908af78,dqrooqgnsvbgarsudhew,POST,/admin/v1/network-bans/retrieve,null,200,1776014946484000
GET | 503 | https://dqrooqgnsvbgarsudhew.supabase.co/rest/v1/profiles?select=id%2Cfull_name%2Cemail%2Crole%2Cstatus%2Ccreated_at%2Creports_to_user_id&org_id=eq.5e315d2c-8f49-4427-aec5-a8454dda1e96&order=created_at.desc&limit=500 | node,76637a32-a4ce-44d5-a8ba-b7e3b12b84a5,dqrooqgnsvbgarsudhew,GET,/rest/v1/profiles,?select=id%2Cfull_name%2Cemail%2Crole%2Cstatus%2Ccreated_at%2Creports_to_user_id&org_id=eq.5e315d2c-8f49-4427-aec5-a8454dda1e96&order=created_at.desc&limit=500,503,1776014944115000
GET | 503 | https://dqrooqgnsvbgarsudhew.supabase.co/rest/v1/profiles?select=id%2Cfull_name%2Cemail%2Crole%2Cstatus%2Ccreated_at%2Creports_to_user_id&org_id=eq.5e315d2c-8f49-4427-aec5-a8454dda1e96&order=created_at.desc&limit=500 | node,b94547e1-9ff4-4a0e-b277-636035f17b5a,dqrooqgnsvbgarsudhew,GET,/rest/v1/profiles,?select=id%2Cfull_name%2Cemail%2Crole%2Cstatus%2Ccreated_at%2Creports_to_user_id&org_id=eq.5e315d2c-8f49-4427-aec5-a8454dda1e96&order=created_at.desc&limit=500,503,1776014944098000
GET | 503 | https://dqrooqgnsvbgarsudhew.supabase.co/rest/v1/performance_reviews?select=id%2Ccycle_id%2Creviewee_id%2Creviewer_id%2Cstatus%2Coverall_rating%2Cself_submitted_at%2Cmanager_submitted_at%2Ccompleted_at&org_id=eq.5e315d2c-8f49-4427-aec5-a8454dda1e96&or=%28reviewee_id.eq.91f0e15e-4606-4ea4-85f5-9f2ed9272740%29&order=created_at.desc | node,98c69da5-1319-4963-ae79-c12d322f94f8,dqrooqgnsvbgarsudhew,GET,/rest/v1/performance_reviews,?select=id%2Ccycle_id%2Creviewee_id%2Creviewer_id%2Cstatus%2Coverall_rating%2Cself_submitted_at%2Cmanager_submitted_at%2Ccompleted_at&org_id=eq.5e315d2c-8f49-4427-aec5-a8454dda1e96&or=%28reviewee_id.eq.91f0e15e-4606-4ea4-85f5-9f2ed9272740%29&order=created_at.desc,503,1776014938319000
GET | 503 | https://dqrooqgnsvbgarsudhew.supabase.co/rest/v1/user_org_memberships?select=org_id%2Corganisations%28name%2Cslug%29&user_id=eq.91f0e15e-4606-4ea4-85f5-9f2ed9272740 | node,ed6604e1-4bce-4aab-8e2a-9cb05a74dd8f,dqrooqgnsvbgarsudhew,GET,/rest/v1/user_org_memberships,?select=org_id%2Corganisations%28name%2Cslug%29&user_id=eq.91f0e15e-4606-4ea4-85f5-9f2ed9272740,503,1776014938160000
HEAD | 503 | https://dqrooqgnsvbgarsudhew.supabase.co/rest/v1/profiles?select=id&org_id=eq.5e315d2c-8f49-4427-aec5-a8454dda1e96 | node,3001f03e-4f15-4db1-92c3-554fafac582e,dqrooqgnsvbgarsudhew,HEAD,/rest/v1/profiles,?select=id&org_id=eq.5e315d2c-8f49-4427-aec5-a8454dda1e96,503,1776014937974000
GET | 503 | https://dqrooqgnsvbgarsudhew.supabase.co/rest/v1/organisations?select=name%2Cslug&id=eq.5e315d2c-8f49-4427-aec5-a8454dda1e96 | node,c2208770-4ed0-4052-a263-8daef140d4c6,dqrooqgnsvbgarsudhew,GET,/rest/v1/organisations,?select=name%2Cslug&id=eq.5e315d2c-8f49-4427-aec5-a8454dda1e96,503,1776014937963000
GET | 503 | https://dqrooqgnsvbgarsudhew.supabase.co/rest/v1/platform_admins?select=user_id&user_id=eq.91f0e15e-4606-4ea4-85f5-9f2ed9272740 | node,a1d0555e-6d54-4fe1-bbae-e54b254d686f,dqrooqgnsvbgarsudhew,GET,/rest/v1/platform_admins,?select=user_id&user_id=eq.91f0e15e-4606-4ea4-85f5-9f2ed9272740,503,1776014937947000
HEAD | 503 | https://dqrooqgnsvbgarsudhew.supabase.co/rest/v1/profiles?select=id&org_id=eq.5e315d2c-8f49-4427-aec5-a8454dda1e96 | node,a7d29991-3c24-4245-8d9c-373cff44ee14,dqrooqgnsvbgarsudhew,HEAD,/rest/v1/profiles,?select=id&org_id=eq.5e315d2c-8f49-4427-aec5-a8454dda1e96,503,1776014936230000
GET | 503 | https://dqrooqgnsvbgarsudhew.supabase.co/rest/v1/organisations?select=name%2Cslug&id=eq.5e315d2c-8f49-4427-aec5-a8454dda1e96 | node,9f70a663-a747-4bae-ad93-dc4931a9b9c5,dqrooqgnsvbgarsudhew,GET,/rest/v1/organisations,?select=name%2Cslug&id=eq.5e315d2c-8f49-4427-aec5-a8454dda1e96,503,1776014936220000
POST | 200 | https://dqrooqgnsvbgarsudhew.supabase.co/admin/v1/network-bans/retrieve | @supabase-infra/mgmt-api/55edfed,d15d5c76-3234-4722-bc9f-bf39e4ee8f03,dqrooqgnsvbgarsudhew,POST,/admin/v1/network-bans/retrieve,null,200,1776014935758000
POST | 200 | https://dqrooqgnsvbgarsudhew.supabase.co/admin/v1/network-bans/retrieve | @supabase-infra/mgmt-api/55edfed,d90d15e8-1cdf-48f6-a0a4-2b19c8fd6685,dqrooqgnsvbgarsudhew,POST,/admin/v1/network-bans/retrieve,null,200,1776014934560000
GET | 503 | https://dqrooqgnsvbgarsudhew.supabase.co/rest/v1/profiles?select=id%2Cfull_name%2Cemail%2Ccreated_at%2Crole&org_id=eq.5e315d2c-8f49-4427-aec5-a8454dda1e96&status=eq.pending | node,d468c2ec-1acc-4a87-b5bd-e89690ae00a8,dqrooqgnsvbgarsudhew,GET,/rest/v1/profiles,?select=id%2Cfull_name%2Cemail%2Ccreated_at%2Crole&org_id=eq.5e315d2c-8f49-4427-aec5-a8454dda1e96&status=eq.pending,503,1776014924356000
GET | 503 | https://dqrooqgnsvbgarsudhew.supabase.co/rest/v1/profiles?select=org_id%2Cstatus&id=eq.91f0e15e-4606-4ea4-85f5-9f2ed9272740 | node,6589be01-80a3-4741-bb61-0980742a8019,dqrooqgnsvbgarsudhew,GET,/rest/v1/profiles,?select=org_id%2Cstatus&id=eq.91f0e15e-4606-4ea4-85f5-9f2ed9272740,503,1776014919654000
POST | 503 | https://dqrooqgnsvbgarsudhew.supabase.co/rest/v1/rpc/has_permission | node,9f5e99a5-4c65-40b7-8216-24247c1eafae,dqrooqgnsvbgarsudhew,POST,/rest/v1/rpc/has_permission,null,503,1776014914906000
POST | 503 | https://dqrooqgnsvbgarsudhew.supabase.co/rest/v1/rpc/has_permission | node,c516b8c5-6a2f-4aaa-82d2-dd28242a8b98,dqrooqgnsvbgarsudhew,POST,/rest/v1/rpc/has_permission,null,503,1776014914898000
POST | 503 | https://dqrooqgnsvbgarsudhew.supabase.co/rest/v1/rpc/get_my_permissions | node,9f1a42e1-f65d-426b-b178-334ca10b1b44,dqrooqgnsvbgarsudhew,POST,/rest/v1/rpc/get_my_permissions,null,503,1776014914344000
POST | 503 | https://dqrooqgnsvbgarsudhew.supabase.co/rest/v1/rpc/list_assignable_org_roles | node,6ff304c5-9e84-4567-a806-01531000f461,dqrooqgnsvbgarsudhew,POST,/rest/v1/rpc/list_assignable_org_roles,null,503,1776014902993000
POST | 503 | https://dqrooqgnsvbgarsudhew.supabase.co/rest/v1/rpc/has_permission | node,9bd453e2-4e90-43d2-a40e-44c689779d30,dqrooqgnsvbgarsudhew,POST,/rest/v1/rpc/has_permission,null,503,1776014882299000
POST | 503 | https://dqrooqgnsvbgarsudhew.supabase.co/rest/v1/rpc/has_permission | node,8f2c8e4b-1589-408b-8af6-45a0f9a0c119,dqrooqgnsvbgarsudhew,POST,/rest/v1/rpc/has_permission,null,503,1776014878453000
POST | 503 | https://dqrooqgnsvbgarsudhew.supabase.co/rest/v1/rpc/has_permission | node,0f321783-5e84-4013-acc4-19e7a0ee2325,dqrooqgnsvbgarsudhew,POST,/rest/v1/rpc/has_permission,null,503,1776014878448000
POST | 503 | https://dqrooqgnsvbgarsudhew.supabase.co/rest/v1/rpc/user_permission_override_upsert | node,7c778bc2-03ab-41cb-afda-c49d54695621,dqrooqgnsvbgarsudhew,POST,/rest/v1/rpc/user_permission_override_upsert,null,503,1776014876376000
GET | 200 | https://dqrooqgnsvbgarsudhew.supabase.co/auth/v1/health | @supabase-infra/mgmt-api/55edfed,0f7e74e4-6f1a-4359-bdc8-834485984f4c,dqrooqgnsvbgarsudhew,GET,/auth/v1/health,null,200,1776014864905000
POST | 200 | https://dqrooqgnsvbgarsudhew.supabase.co/rest/v1/rpc/has_permission | node,be4639bc-87c9-4728-82f6-22f8e70a262b,dqrooqgnsvbgarsudhew,POST,/rest/v1/rpc/has_permission,null,200,1776014842141000
POST | 500 | https://dqrooqgnsvbgarsudhew.supabase.co/rest/v1/rpc/has_permission | node,93c69a9e-0ed0-479d-b7b7-393d6f6dac08,dqrooqgnsvbgarsudhew,POST,/rest/v1/rpc/has_permission,null,500,1776014842129000
GET | 503 | https://dqrooqgnsvbgarsudhew.supabase.co/rest/v1/org_roles?select=key%2Clabel&org_id=eq.5e315d2c-8f49-4427-aec5-a8454dda1e96&is_archived=eq.false&order=label.asc | node,8891307f-f2aa-4ca2-9199-44f6dd36425c,dqrooqgnsvbgarsudhew,GET,/rest/v1/org_roles,?select=key%2Clabel&org_id=eq.5e315d2c-8f49-4427-aec5-a8454dda1e96&is_archived=eq.false&order=label.asc,503,1776014842084000
GET | 503 | https://dqrooqgnsvbgarsudhew.supabase.co/rest/v1/profiles?select=org_id%2Cstatus&id=eq.91f0e15e-4606-4ea4-85f5-9f2ed9272740 | node,c99b39e2-b74b-44c5-948a-fce35ba39efe,dqrooqgnsvbgarsudhew,GET,/rest/v1/profiles,?select=org_id%2Cstatus&id=eq.91f0e15e-4606-4ea4-85f5-9f2ed9272740,503,1776014841925000
POST | 200 | https://dqrooqgnsvbgarsudhew.supabase.co/rest/v1/rpc/has_permission | node,06cc0b0c-469b-4967-9014-e6a836f9b6d1,dqrooqgnsvbgarsudhew,POST,/rest/v1/rpc/has_permission,null,200,1776014840908000
GET | 200 | https://dqrooqgnsvbgarsudhew.supabase.co/rest/v1/profiles?select=org_id%2Cstatus&id=eq.91f0e15e-4606-4ea4-85f5-9f2ed9272740 | node,07b7d884-0fa9-4f28-8c46-c6fed515b0da,dqrooqgnsvbgarsudhew,GET,/rest/v1/profiles,?select=org_id%2Cstatus&id=eq.91f0e15e-4606-4ea4-85f5-9f2ed9272740,200,1776014839429000
GET | 200 | https://dqrooqgnsvbgarsudhew.supabase.co/rest/v1/platform_admins?select=user_id&user_id=eq.91f0e15e-4606-4ea4-85f5-9f2ed9272740 | node,d468d71f-17b9-4384-aa23-e6a84c28bba1,dqrooqgnsvbgarsudhew,GET,/rest/v1/platform_admins,?select=user_id&user_id=eq.91f0e15e-4606-4ea4-85f5-9f2ed9272740,200,1776014837056000
GET | 200 | https://dqrooqgnsvbgarsudhew.supabase.co/rest/v1/profiles?select=status%2Crole%2Corg_id&id=eq.91f0e15e-4606-4ea4-85f5-9f2ed9272740 | node,73d28d6c-9374-4826-b431-5149ba314aa2,dqrooqgnsvbgarsudhew,GET,/rest/v1/profiles,?select=status%2Crole%2Corg_id&id=eq.91f0e15e-4606-4ea4-85f5-9f2ed9272740,200,1776014837038000
GET | 503 | https://dqrooqgnsvbgarsudhew.supabase.co/rest/v1/profiles?select=id%2Corg_id%2Crole%2Cfull_name%2Cstatus&id=eq.91f0e15e-4606-4ea4-85f5-9f2ed9272740 | node,3bb37013-8f08-401c-9f41-f39d83a57cd2,dqrooqgnsvbgarsudhew,GET,/rest/v1/profiles,?select=id%2Corg_id%2Crole%2Cfull_name%2Cstatus&id=eq.91f0e15e-4606-4ea4-85f5-9f2ed9272740,503,1776014836862000
GET | 200 | https://dqrooqgnsvbgarsudhew.supabase.co/auth/v1/user | node,ae7bdb65-b7da-43ae-b1c5-fad5fe994efc,dqrooqgnsvbgarsudhew,GET,/auth/v1/user,null,200,1776014836430000
POST | 200 | https://dqrooqgnsvbgarsudhew.supabase.co/rest/v1/rpc/get_my_permissions | node,6ef7ae81-dfbf-4830-a0cf-d6bac43ff45a,dqrooqgnsvbgarsudhew,POST,/rest/v1/rpc/get_my_permissions,null,200,1776014835264000
POST | 200 | https://dqrooqgnsvbgarsudhew.supabase.co/rest/v1/rpc/main_shell_layout_bundle | node,aca005cf-df7e-4121-8454-91e02fd129de,dqrooqgnsvbgarsudhew,POST,/rest/v1/rpc/main_shell_layout_bundle,null,200,1776014830063000
GET | 200 | https://dqrooqgnsvbgarsudhew.supabase.co/auth/v1/user | node,276bcb2f-3d6a-43c7-a60f-3c8e796a4311,dqrooqgnsvbgarsudhew,GET,/auth/v1/user,null,200,1776014830060000
GET | 503 | https://dqrooqgnsvbgarsudhew.supabase.co/rest/v1/profiles?select=role%2Cstatus%2Corg_id&id=eq.91f0e15e-4606-4ea4-85f5-9f2ed9272740 | node,81ecc7ff-6f00-4c52-beda-d7fbe8a6452f,dqrooqgnsvbgarsudhew,GET,/rest/v1/profiles,?select=role%2Cstatus%2Corg_id&id=eq.91f0e15e-4606-4ea4-85f5-9f2ed9272740,503,1776014814214000
GET | 503 | https://dqrooqgnsvbgarsudhew.supabase.co/rest/v1/profiles?select=org_id%2Cstatus%2Crole%2Cfull_name&id=eq.91f0e15e-4606-4ea4-85f5-9f2ed9272740 | node,6a803793-ff4f-426b-8333-0e1ff57ac2d0,dqrooqgnsvbgarsudhew,GET,/rest/v1/profiles,?select=org_id%2Cstatus%2Crole%2Cfull_name&id=eq.91f0e15e-4606-4ea4-85f5-9f2ed9272740,503,1776014814212000
GET | 200 | https://dqrooqgnsvbgarsudhew.supabase.co/rest/v1/profiles?select=role%2Cstatus%2Corg_id&id=eq.91f0e15e-4606-4ea4-85f5-9f2ed9272740 | node,0b2f371c-55ef-4cc1-80c4-b940a98d6241,dqrooqgnsvbgarsudhew,GET,/rest/v1/profiles,?select=role%2Cstatus%2Corg_id&id=eq.91f0e15e-4606-4ea4-85f5-9f2ed9272740,200,1776014814039000
GET | 200 | https://dqrooqgnsvbgarsudhew.supabase.co/rest/v1/profiles?select=org_id%2Cstatus&id=eq.91f0e15e-4606-4ea4-85f5-9f2ed9272740 | node,56bc9c31-8a6f-48e4-b4e2-c845f42c2b18,dqrooqgnsvbgarsudhew,GET,/rest/v1/profiles,?select=org_id%2Cstatus&id=eq.91f0e15e-4606-4ea4-85f5-9f2ed9272740,200,1776014814033000
GET | 503 | https://dqrooqgnsvbgarsudhew.supabase.co/rest/v1/profiles?select=org_id%2Crole%2Cstatus&id=eq.91f0e15e-4606-4ea4-85f5-9f2ed9272740 | node,974bf8c2-4ff4-41f0-b672-c325eb24a79f,dqrooqgnsvbgarsudhew,GET,/rest/v1/profiles,?select=org_id%2Crole%2Cstatus&id=eq.91f0e15e-4606-4ea4-85f5-9f2ed9272740,503,1776014814031000
GET | 503 | https://dqrooqgnsvbgarsudhew.supabase.co/rest/v1/profiles?select=full_name%2Cavatar_url%2Crole%2Caccent_preset%2Ccolor_scheme%2Cdnd_enabled%2Cdnd_start%2Cdnd_end%2Cshift_reminder_before_minutes%2Crota_open_slot_alerts_enabled%2Corg_id&id=eq.91f0e15e-4606-4ea4-85f5-9f2ed9272740 | node,69c1c9ca-527f-4315-92f6-03663dbf55e6,dqrooqgnsvbgarsudhew,GET,/rest/v1/profiles,?select=full_name%2Cavatar_url%2Crole%2Caccent_preset%2Ccolor_scheme%2Cdnd_enabled%2Cdnd_start%2Cdnd_end%2Cshift_reminder_before_minutes%2Crota_open_slot_alerts_enabled%2Corg_id&id=eq.91f0e15e-4606-4ea4-85f5-9f2ed9272740,503,1776014813796000
GET | 200 | https://dqrooqgnsvbgarsudhew.supabase.co/rest/v1/profiles?select=org_id%2Cstatus&id=eq.91f0e15e-4606-4ea4-85f5-9f2ed9272740 | node,d1dd253a-a797-4157-8070-d1125c7c49b1,dqrooqgnsvbgarsudhew,GET,/rest/v1/profiles,?select=org_id%2Cstatus&id=eq.91f0e15e-4606-4ea4-85f5-9f2ed9272740,200,1776014813737000
GET | 503 | https://dqrooqgnsvbgarsudhew.supabase.co/rest/v1/profiles?select=role%2Cstatus%2Corg_id&id=eq.91f0e15e-4606-4ea4-85f5-9f2ed9272740 | node,e623d3cd-235f-48ec-b1da-b1bbfa127c14,dqrooqgnsvbgarsudhew,GET,/rest/v1/profiles,?select=role%2Cstatus%2Corg_id&id=eq.91f0e15e-4606-4ea4-85f5-9f2ed9272740,503,1776014813640000
GET | 503 | https://dqrooqgnsvbgarsudhew.supabase.co/rest/v1/profiles?select=org_id%2Crole%2Cstatus&id=eq.91f0e15e-4606-4ea4-85f5-9f2ed9272740 | node,f6d256bd-62f4-4c86-ae1e-dab43081362e,dqrooqgnsvbgarsudhew,GET,/rest/v1/profiles,?select=org_id%2Crole%2Cstatus&id=eq.91f0e15e-4606-4ea4-85f5-9f2ed9272740,503,1776014813637000
POST | 200 | https://dqrooqgnsvbgarsudhew.supabase.co/rest/v1/rpc/list_assignable_org_roles | node,61cfcc5a-240b-4844-816e-2b5d2ea08be1,dqrooqgnsvbgarsudhew,POST,/rest/v1/rpc/list_assignable_org_roles,null,200,1776014811717000
POST | 200 | https://dqrooqgnsvbgarsudhew.supabase.co/rest/v1/rpc/has_permission | node,9b7a9fe8-fc6e-4837-bf69-c4c78243f506,dqrooqgnsvbgarsudhew,POST,/rest/v1/rpc/has_permission,null,200,1776014811654000
GET | 200 | https://dqrooqgnsvbgarsudhew.supabase.co/rest/v1/profiles?select=org_id%2Cstatus&id=eq.91f0e15e-4606-4ea4-85f5-9f2ed9272740 | node,f1a72520-19da-48ba-a5c1-a8c5d1a88659,dqrooqgnsvbgarsudhew,GET,/rest/v1/profiles,?select=org_id%2Cstatus&id=eq.91f0e15e-4606-4ea4-85f5-9f2ed9272740,200,1776014811622000
POST | 200 | https://dqrooqgnsvbgarsudhew.supabase.co/rest/v1/rpc/main_shell_layout_bundle | node,9980d591-ebb1-414b-bb3b-164ebeb5ba05,dqrooqgnsvbgarsudhew,POST,/rest/v1/rpc/main_shell_layout_bundle,null,200,1776014811120000
GET | 200 | https://dqrooqgnsvbgarsudhew.supabase.co/auth/v1/user | node,56ed7267-0921-4330-8083-97b888afae7a,dqrooqgnsvbgarsudhew,GET,/auth/v1/user,null,200,1776014811089000
"POST | 404 | https://dqrooqgnsvbgarsudhew.supabase.co/rest/v1/rpc/main_shell_badge_counts_bundle | Mozilla/5.0 (Macintosh; Intel Mac OS X 10_15_7) AppleWebKit/537.36 (KHTML, like Gecko) Chrome/147.0.0.0 Safari/537.36",baf4d9cb-6c2e-4b00-b834-7b8e6c37731f,dqrooqgnsvbgarsudhew,POST,/rest/v1/rpc/main_shell_badge_counts_bundle,null,404,1776014810295000
GET | 503 | https://dqrooqgnsvbgarsudhew.supabase.co/rest/v1/org_roles?select=key%2Clabel&org_id=eq.5e315d2c-8f49-4427-aec5-a8454dda1e96&is_archived=eq.false&order=label.asc | node,3c2c324d-bfdd-415e-818f-5d603c54a0a7,dqrooqgnsvbgarsudhew,GET,/rest/v1/org_roles,?select=key%2Clabel&org_id=eq.5e315d2c-8f49-4427-aec5-a8454dda1e96&is_archived=eq.false&order=label.asc,503,1776014810182000
POST | 500 | https://dqrooqgnsvbgarsudhew.supabase.co/rest/v1/rpc/main_shell_layout_bundle | node,802bbf3c-f968-468f-b1ce-7b41d6c3b30f,dqrooqgnsvbgarsudhew,POST,/rest/v1/rpc/main_shell_layout_bundle,null,500,1776014809290000
GET | 200 | https://dqrooqgnsvbgarsudhew.supabase.co/auth/v1/user | node,ab2fd173-08e5-4bc4-916c-a1af24d85cd1,dqrooqgnsvbgarsudhew,GET,/auth/v1/user,null,200,1776014809290000
POST | 503 | https://dqrooqgnsvbgarsudhew.supabase.co/rest/v1/rpc/main_shell_layout_bundle | node,7f74947a-810a-43a5-8af4-cbd4dcd4257d,dqrooqgnsvbgarsudhew,POST,/rest/v1/rpc/main_shell_layout_bundle,null,503,1776014807837000
GET | 200 | https://dqrooqgnsvbgarsudhew.supabase.co/auth/v1/user | node,a888ac9c-efd0-4f83-baa3-e089b98744e8,dqrooqgnsvbgarsudhew,GET,/auth/v1/user,null,200,1776014807826000
POST | 200 | https://dqrooqgnsvbgarsudhew.supabase.co/rest/v1/rpc/user_permission_override_upsert | node,9cc9fad1-0f73-4592-bc15-683a7c068529,dqrooqgnsvbgarsudhew,POST,/rest/v1/rpc/user_permission_override_upsert,null,200,1776014807068000
GET | 200 | https://dqrooqgnsvbgarsudhew.supabase.co/auth/v1/user | node,774dcf6b-b7c3-40a0-83ce-cf5cf69bf75e,dqrooqgnsvbgarsudhew,GET,/auth/v1/user,null,200,1776014803576000
POST | 504 | https://dqrooqgnsvbgarsudhew.supabase.co/rest/v1/rpc/main_shell_layout_bundle | node,f2427446-0aab-4bbc-b84f-cbd0dcd7f327,dqrooqgnsvbgarsudhew,POST,/rest/v1/rpc/main_shell_layout_bundle,null,504,1776014801987000
GET | 200 | https://dqrooqgnsvbgarsudhew.supabase.co/auth/v1/user | node,99ad4d98-b8c5-4590-9850-d7baa37c1e89,dqrooqgnsvbgarsudhew,GET,/auth/v1/user,null,200,1776014801985000
GET | 200 | https://dqrooqgnsvbgarsudhew.supabase.co/auth/v1/user | node,c4b8a2bf-8f9a-47d1-a58e-c56dfdefba2d,dqrooqgnsvbgarsudhew,GET,/auth/v1/user,null,200,1776014801908000
POST | 500 | https://dqrooqgnsvbgarsudhew.supabase.co/rest/v1/rpc/main_shell_layout_bundle | node,09976c1b-17a6-475a-a56f-c642206d0aea,dqrooqgnsvbgarsudhew,POST,/rest/v1/rpc/main_shell_layout_bundle,null,500,1776014801908000
GET | 200 | https://dqrooqgnsvbgarsudhew.supabase.co/rest/v1/profiles?select=org_id%2Crole%2Cstatus&id=eq.91f0e15e-4606-4ea4-85f5-9f2ed9272740 | node,9baedc18-7c0e-47ab-bfd4-f7aae9c106a2,dqrooqgnsvbgarsudhew,GET,/rest/v1/profiles,?select=org_id%2Crole%2Cstatus&id=eq.91f0e15e-4606-4ea4-85f5-9f2ed9272740,200,1776014799693000
GET | 200 | https://dqrooqgnsvbgarsudhew.supabase.co/rest/v1/profiles?select=role%2Cstatus%2Corg_id&id=eq.91f0e15e-4606-4ea4-85f5-9f2ed9272740 | node,70e20f7a-22e4-4b64-ae50-aebf3a360e31,dqrooqgnsvbgarsudhew,GET,/rest/v1/profiles,?select=role%2Cstatus%2Corg_id&id=eq.91f0e15e-4606-4ea4-85f5-9f2ed9272740,200,1776014799684000
GET | 200 | https://dqrooqgnsvbgarsudhew.supabase.co/rest/v1/profiles?select=role%2Cstatus%2Corg_id&id=eq.91f0e15e-4606-4ea4-85f5-9f2ed9272740 | node,8027fb72-76eb-4267-9e6f-4f0c7f7e7bd8,dqrooqgnsvbgarsudhew,GET,/rest/v1/profiles,?select=role%2Cstatus%2Corg_id&id=eq.91f0e15e-4606-4ea4-85f5-9f2ed9272740,200,1776014792935000
GET | 200 | https://dqrooqgnsvbgarsudhew.supabase.co/rest/v1/profiles?select=org_id%2Crole%2Cstatus&id=eq.91f0e15e-4606-4ea4-85f5-9f2ed9272740 | node,a061b5d1-d806-41b1-bc73-5ed4e4e04615,dqrooqgnsvbgarsudhew,GET,/rest/v1/profiles,?select=org_id%2Crole%2Cstatus&id=eq.91f0e15e-4606-4ea4-85f5-9f2ed9272740,200,1776014791980000
GET | 200 | https://dqrooqgnsvbgarsudhew.supabase.co/rest/v1/profiles?select=role%2Cstatus%2Corg_id&id=eq.91f0e15e-4606-4ea4-85f5-9f2ed9272740 | node,e0bc0ff0-dd51-4718-945c-c8a99c6cb3fc,dqrooqgnsvbgarsudhew,GET,/rest/v1/profiles,?select=role%2Cstatus%2Corg_id&id=eq.91f0e15e-4606-4ea4-85f5-9f2ed9272740,200,1776014791968000
GET | 200 | https://dqrooqgnsvbgarsudhew.supabase.co/auth/v1/user | node,7dc71b1a-a462-4dbe-961e-264d95a21920,dqrooqgnsvbgarsudhew,GET,/auth/v1/user,null,200,1776014789513000
POST | 200 | https://dqrooqgnsvbgarsudhew.supabase.co/rest/v1/rpc/main_shell_layout_bundle | node,96fb0a86-f547-40d3-9d3d-e54353f32e19,dqrooqgnsvbgarsudhew,POST,/rest/v1/rpc/main_shell_layout_bundle,null,200,1776014789509000
"POST | 404 | https://dqrooqgnsvbgarsudhew.supabase.co/rest/v1/rpc/main_shell_badge_counts_bundle | Mozilla/5.0 (Macintosh; Intel Mac OS X 10_15_7) AppleWebKit/537.36 (KHTML, like Gecko) Chrome/147.0.0.0 Safari/537.36",c7b62a0b-ee66-4b6b-b7ae-988b5d6738e6,dqrooqgnsvbgarsudhew,POST,/rest/v1/rpc/main_shell_badge_counts_bundle,null,404,1776014789279000
POST | 200 | https://dqrooqgnsvbgarsudhew.supabase.co/rest/v1/rpc/main_shell_layout_bundle | node,158b3548-afb2-4841-95b5-55abf6f0d8c4,dqrooqgnsvbgarsudhew,POST,/rest/v1/rpc/main_shell_layout_bundle,null,200,1776014782130000
GET | 200 | https://dqrooqgnsvbgarsudhew.supabase.co/auth/v1/user | node,ad305279-2c78-4cab-b23e-395cf32212d1,dqrooqgnsvbgarsudhew,GET,/auth/v1/user,null,200,1776014782107000
POST | 200 | https://dqrooqgnsvbgarsudhew.supabase.co/rest/v1/rpc/get_my_permissions | node,06f39a50-fc60-4a5d-870e-52858b1d210a,dqrooqgnsvbgarsudhew,POST,/rest/v1/rpc/get_my_permissions,null,200,1776014781259000
POST | 200 | https://dqrooqgnsvbgarsudhew.supabase.co/rest/v1/rpc/list_assignable_org_roles | node,62733519-0300-4b6d-b535-b7e283b98d3f,dqrooqgnsvbgarsudhew,POST,/rest/v1/rpc/list_assignable_org_roles,null,200,1776014781238000
POST | 200 | https://dqrooqgnsvbgarsudhew.supabase.co/rest/v1/rpc/main_shell_layout_bundle | node,f4ba595a-25c9-4a9d-aff4-d69a9db11d1b,dqrooqgnsvbgarsudhew,POST,/rest/v1/rpc/main_shell_layout_bundle,null,200,1776014780909000
GET | 200 | https://dqrooqgnsvbgarsudhew.supabase.co/auth/v1/user | node,4ac43dae-2723-4388-9d9c-4e44ee199e8a,dqrooqgnsvbgarsudhew,GET,/auth/v1/user,null,200,1776014780900000
POST | 200 | https://dqrooqgnsvbgarsudhew.supabase.co/rest/v1/rpc/has_permission | node,83d48550-a391-46d4-b8fa-f08354632b71,dqrooqgnsvbgarsudhew,POST,/rest/v1/rpc/has_permission,null,200,1776014780831000
POST | 200 | https://dqrooqgnsvbgarsudhew.supabase.co/rest/v1/rpc/user_permission_override_upsert | node,a7169ef2-4d28-4f11-a4dd-adff4a428ff2,dqrooqgnsvbgarsudhew,POST,/rest/v1/rpc/user_permission_override_upsert,null,200,1776014760630000
GET | 200 | https://dqrooqgnsvbgarsudhew.supabase.co/rest/v1/profiles?select=org_id%2Cstatus&id=eq.91f0e15e-4606-4ea4-85f5-9f2ed9272740 | node,1e42959c-22fa-40b0-b908-1f98f48f9f2e,dqrooqgnsvbgarsudhew,GET,/rest/v1/profiles,?select=org_id%2Cstatus&id=eq.91f0e15e-4606-4ea4-85f5-9f2ed9272740,200,1776014758336000
POST | 200 | https://dqrooqgnsvbgarsudhew.supabase.co/rest/v1/rpc/has_permission | node,e72a98dc-6f12-4370-9caa-68fb4861bc0f,dqrooqgnsvbgarsudhew,POST,/rest/v1/rpc/has_permission,null,200,1776014755629000
POST | 200 | https://dqrooqgnsvbgarsudhew.supabase.co/rest/v1/rpc/has_permission | node,9bef436f-e058-456f-aff5-c5a94a09370e,dqrooqgnsvbgarsudhew,POST,/rest/v1/rpc/has_permission,null,200,1776014752348000
POST | 200 | https://dqrooqgnsvbgarsudhew.supabase.co/rest/v1/rpc/get_my_permissions | node,9e66c4e6-401e-4e1a-a242-f0d5804376fb,dqrooqgnsvbgarsudhew,POST,/rest/v1/rpc/get_my_permissions,null,200,1776014751705000
POST | 200 | https://dqrooqgnsvbgarsudhew.supabase.co/rest/v1/rpc/hr_directory_list | node,684d70c6-ee51-4126-af44-007dc75d5291,dqrooqgnsvbgarsudhew,POST,/rest/v1/rpc/hr_directory_list,null,200,1776014725001000
POST | 200 | https://dqrooqgnsvbgarsudhew.supabase.co/rest/v1/rpc/user_permission_override_upsert | node,26c7d107-b050-40be-89cc-1083df473cfc,dqrooqgnsvbgarsudhew,POST,/rest/v1/rpc/user_permission_override_upsert,null,200,1776014724970000
GET | 200 | https://dqrooqgnsvbgarsudhew.supabase.co/auth/v1/health | @supabase-infra/mgmt-api/55edfed,cab82d22-9337-4741-9544-d44245ee8120,dqrooqgnsvbgarsudhew,GET,/auth/v1/health,null,200,1776014711853000