kind,routePath,concretePath,url,outcome,ok,status,statusText,redirectedTo,contentType,error,bodySample,checkedAt,sourceFile,localhostUrl,orgSubdomainUrl,adminHostUrl
page,/,/,http://localhost:3000/,accessDenied,true,200,OK,,text/html; charset=utf-8,,"<!DOCTYPE html><html lang=""en""><head><meta charSet=""utf-8""/><meta name=""viewport"" content=""width=device-width, initial-scale=1""/><link rel=""stylesheet"" href=""/_next/static/css/app/layout.css?v=1777628522520"" data-precede",2026-05-01T09:42:02.406Z,apps/web/src/app/page.tsx,http://localhost:3000/,http://demo.localhost:3000/,http://admin.localhost:3000/
page,/admin,/admin,http://localhost:3000/admin,redirect,false,307,Temporary Redirect,/login?next=%2Fadmin,,,/login?next=%2Fadmin,2026-05-01T09:42:02.718Z,apps/web/src/app/(main)/admin/page.tsx,http://localhost:3000/admin,http://demo.localhost:3000/admin,http://admin.localhost:3000/admin
page,/admin/applications,/admin/applications,http://localhost:3000/admin/applications,redirect,false,307,Temporary Redirect,/login?next=%2Fadmin%2Fapplications,,,/login?next=%2Fadmin%2Fapplications,2026-05-01T09:42:02.728Z,apps/web/src/app/(main)/admin/applications/page.tsx,http://localhost:3000/admin/applications,http://demo.localhost:3000/admin/applications,http://admin.localhost:3000/admin/applications
page,/admin/broadcasts,/admin/broadcasts,http://localhost:3000/admin/broadcasts,redirect,false,307,Temporary Redirect,/login?next=%2Fadmin%2Fbroadcasts,,,/login?next=%2Fadmin%2Fbroadcasts,2026-05-01T09:42:02.736Z,apps/web/src/app/(main)/admin/broadcasts/page.tsx,http://localhost:3000/admin/broadcasts,http://demo.localhost:3000/admin/broadcasts,http://admin.localhost:3000/admin/broadcasts
page,/admin/categories,/admin/categories,http://localhost:3000/admin/categories,redirect,false,307,Temporary Redirect,/login?next=%2Fadmin%2Fcategories,,,/login?next=%2Fadmin%2Fcategories,2026-05-01T09:42:02.744Z,apps/web/src/app/(main)/admin/categories/page.tsx,http://localhost:3000/admin/categories,http://demo.localhost:3000/admin/categories,http://admin.localhost:3000/admin/categories
page,/admin/departments,/admin/departments,http://localhost:3000/admin/departments,redirect,false,307,Temporary Redirect,/login?next=%2Fadmin%2Fdepartments,,,/login?next=%2Fadmin%2Fdepartments,2026-05-01T09:42:02.751Z,apps/web/src/app/(main)/admin/departments/page.tsx,http://localhost:3000/admin/departments,http://demo.localhost:3000/admin/departments,http://admin.localhost:3000/admin/departments
page,/admin/discount,/admin/discount,http://localhost:3000/admin/discount,redirect,false,307,Temporary Redirect,/login?next=%2Fadmin%2Fdiscount,,,/login?next=%2Fadmin%2Fdiscount,2026-05-01T09:42:02.757Z,apps/web/src/app/(main)/admin/discount/page.tsx,http://localhost:3000/admin/discount,http://demo.localhost:3000/admin/discount,http://admin.localhost:3000/admin/discount
page,/admin/hr,/admin/hr,http://localhost:3000/admin/hr,redirect,false,308,Permanent Redirect,/hr/records,,,/hr/records,2026-05-01T09:42:02.761Z,apps/web/src/app/(main)/admin/hr/page.tsx,http://localhost:3000/admin/hr,http://demo.localhost:3000/admin/hr,http://admin.localhost:3000/admin/hr
page,/admin/hr/absence-reporting,/admin/hr/absence-reporting,http://localhost:3000/admin/hr/absence-reporting,redirect,false,308,Permanent Redirect,/hr/absence-reporting,,,/hr/absence-reporting,2026-05-01T09:42:02.762Z,apps/web/src/app/(main)/admin/hr/absence-reporting/page.tsx,http://localhost:3000/admin/hr/absence-reporting,http://demo.localhost:3000/admin/hr/absence-reporting,http://admin.localhost:3000/admin/hr/absence-reporting
page,/admin/hr/custom-fields,/admin/hr/custom-fields,http://localhost:3000/admin/hr/custom-fields,redirect,false,308,Permanent Redirect,/hr/custom-fields,,,/hr/custom-fields,2026-05-01T09:42:02.763Z,apps/web/src/app/(main)/admin/hr/custom-fields/page.tsx,http://localhost:3000/admin/hr/custom-fields,http://demo.localhost:3000/admin/hr/custom-fields,http://admin.localhost:3000/admin/hr/custom-fields
page,/admin/hr/[userId],/admin/hr/example,http://localhost:3000/admin/hr/example,redirect,false,308,Permanent Redirect,/hr/records/example,,,/hr/records/example,2026-05-01T09:42:02.764Z,apps/web/src/app/(main)/admin/hr/[userId]/page.tsx,http://localhost:3000/admin/hr/example,http://demo.localhost:3000/admin/hr/example,http://admin.localhost:3000/admin/hr/example
page,/admin/hr/hr-metric-alerts,/admin/hr/hr-metric-alerts,http://localhost:3000/admin/hr/hr-metric-alerts,redirect,false,308,Permanent Redirect,/hr/hr-metric-alerts,,,/hr/hr-metric-alerts,2026-05-01T09:42:02.765Z,apps/web/src/app/(main)/admin/hr/hr-metric-alerts/page.tsx,http://localhost:3000/admin/hr/hr-metric-alerts,http://demo.localhost:3000/admin/hr/hr-metric-alerts,http://admin.localhost:3000/admin/hr/hr-metric-alerts
page,/admin/hr/onboarding,/admin/hr/onboarding,http://localhost:3000/admin/hr/onboarding,redirect,false,308,Permanent Redirect,/hr/onboarding,,,/hr/onboarding,2026-05-01T09:42:02.765Z,apps/web/src/app/(main)/admin/hr/onboarding/page.tsx,http://localhost:3000/admin/hr/onboarding,http://demo.localhost:3000/admin/hr/onboarding,http://admin.localhost:3000/admin/hr/onboarding
page,/admin/hr/onboarding/[runId],/admin/hr/onboarding/example,http://localhost:3000/admin/hr/onboarding/example,redirect,false,308,Permanent Redirect,/hr/onboarding/example,,,/hr/onboarding/example,2026-05-01T09:42:02.766Z,apps/web/src/app/(main)/admin/hr/onboarding/[runId]/page.tsx,http://localhost:3000/admin/hr/onboarding/example,http://demo.localhost:3000/admin/hr/onboarding/example,http://admin.localhost:3000/admin/hr/onboarding/example
page,/admin/hr/one-on-ones,/admin/hr/one-on-ones,http://localhost:3000/admin/hr/one-on-ones,redirect,false,308,Permanent Redirect,/hr/one-on-ones,,,/hr/one-on-ones,2026-05-01T09:42:02.766Z,apps/web/src/app/(main)/admin/hr/one-on-ones/page.tsx,http://localhost:3000/admin/hr/one-on-ones,http://demo.localhost:3000/admin/hr/one-on-ones,http://admin.localhost:3000/admin/hr/one-on-ones
page,/admin/hr/org-chart,/admin/hr/org-chart,http://localhost:3000/admin/hr/org-chart,redirect,false,308,Permanent Redirect,/hr/org-chart,,,/hr/org-chart,2026-05-01T09:42:02.767Z,apps/web/src/app/(main)/admin/hr/org-chart/page.tsx,http://localhost:3000/admin/hr/org-chart,http://demo.localhost:3000/admin/hr/org-chart,http://admin.localhost:3000/admin/hr/org-chart
page,/admin/hr/performance,/admin/hr/performance,http://localhost:3000/admin/hr/performance,redirect,false,308,Permanent Redirect,/hr/performance,,,/hr/performance,2026-05-01T09:42:02.768Z,apps/web/src/app/(main)/admin/hr/performance/page.tsx,http://localhost:3000/admin/hr/performance,http://demo.localhost:3000/admin/hr/performance,http://admin.localhost:3000/admin/hr/performance
page,/admin/hr/performance/[cycleId],/admin/hr/performance/example,http://localhost:3000/admin/hr/performance/example,redirect,false,308,Permanent Redirect,/hr/performance/example,,,/hr/performance/example,2026-05-01T09:42:02.768Z,apps/web/src/app/(main)/admin/hr/performance/[cycleId]/page.tsx,http://localhost:3000/admin/hr/performance/example,http://demo.localhost:3000/admin/hr/performance/example,http://admin.localhost:3000/admin/hr/performance/example
page,/admin/integrations,/admin/integrations,http://localhost:3000/admin/integrations,redirect,false,307,Temporary Redirect,/login?next=%2Fadmin%2Fintegrations,,,/login?next=%2Fadmin%2Fintegrations,2026-05-01T09:42:02.769Z,apps/web/src/app/(main)/admin/integrations/page.tsx,http://localhost:3000/admin/integrations,http://demo.localhost:3000/admin/integrations,http://admin.localhost:3000/admin/integrations
page,/admin/interviews,/admin/interviews,http://localhost:3000/admin/interviews,redirect,false,307,Temporary Redirect,/login?next=%2Fadmin%2Finterviews,,,/login?next=%2Fadmin%2Finterviews,2026-05-01T09:42:02.774Z,apps/web/src/app/(main)/admin/interviews/page.tsx,http://localhost:3000/admin/interviews,http://demo.localhost:3000/admin/interviews,http://admin.localhost:3000/admin/interviews
page,/admin/jobs,/admin/jobs,http://localhost:3000/admin/jobs,redirect,false,307,Temporary Redirect,/login?next=%2Fadmin%2Fjobs,,,/login?next=%2Fadmin%2Fjobs,2026-05-01T09:42:02.781Z,apps/web/src/app/(main)/admin/jobs/page.tsx,http://localhost:3000/admin/jobs,http://demo.localhost:3000/admin/jobs,http://admin.localhost:3000/admin/jobs
page,/admin/jobs/[id]/admin-legal,/admin/jobs/example/admin-legal,http://localhost:3000/admin/jobs/example/admin-legal,redirect,false,307,Temporary Redirect,/login?next=%2Fadmin%2Fjobs%2Fexample%2Fadmin-legal,,,/login?next=%2Fadmin%2Fjobs%2Fexample%2Fadmin-legal,2026-05-01T09:42:02.789Z,apps/web/src/app/(main)/admin/jobs/[id]/admin-legal/page.tsx,http://localhost:3000/admin/jobs/example/admin-legal,http://demo.localhost:3000/admin/jobs/example/admin-legal,http://admin.localhost:3000/admin/jobs/example/admin-legal
page,/admin/jobs/[id]/applications,/admin/jobs/example/applications,http://localhost:3000/admin/jobs/example/applications,redirect,false,307,Temporary Redirect,/login?next=%2Fadmin%2Fjobs%2Fexample%2Fapplications,,,/login?next=%2Fadmin%2Fjobs%2Fexample%2Fapplications,2026-05-01T09:42:02.796Z,apps/web/src/app/(main)/admin/jobs/[id]/applications/page.tsx,http://localhost:3000/admin/jobs/example/applications,http://demo.localhost:3000/admin/jobs/example/applications,http://admin.localhost:3000/admin/jobs/example/applications
page,/admin/jobs/[id]/edit,/admin/jobs/example/edit,http://localhost:3000/admin/jobs/example/edit,redirect,false,307,Temporary Redirect,/login?next=%2Fadmin%2Fjobs%2Fexample%2Fedit,,,/login?next=%2Fadmin%2Fjobs%2Fexample%2Fedit,2026-05-01T09:42:02.896Z,apps/web/src/app/(main)/admin/jobs/[id]/edit/page.tsx,http://localhost:3000/admin/jobs/example/edit,http://demo.localhost:3000/admin/jobs/example/edit,http://admin.localhost:3000/admin/jobs/example/edit
page,/admin/leave,/admin/leave,http://localhost:3000/admin/leave,redirect,false,307,Temporary Redirect,/login?next=%2Fadmin%2Fleave,,,/login?next=%2Fadmin%2Fleave,2026-05-01T09:42:02.901Z,apps/web/src/app/(main)/admin/leave/page.tsx,http://localhost:3000/admin/leave,http://demo.localhost:3000/admin/leave,http://admin.localhost:3000/admin/leave
page,/admin/notifications,/admin/notifications,http://localhost:3000/admin/notifications,redirect,false,307,Temporary Redirect,/login?next=%2Fadmin%2Fnotifications,,,/login?next=%2Fadmin%2Fnotifications,2026-05-01T09:42:02.907Z,apps/web/src/app/(main)/admin/notifications/page.tsx,http://localhost:3000/admin/notifications,http://demo.localhost:3000/admin/notifications,http://admin.localhost:3000/admin/notifications
page,/admin/offer-templates,/admin/offer-templates,http://localhost:3000/admin/offer-templates,redirect,false,307,Temporary Redirect,/login?next=%2Fadmin%2Foffer-templates,,,/login?next=%2Fadmin%2Foffer-templates,2026-05-01T09:42:02.912Z,apps/web/src/app/(main)/admin/offer-templates/page.tsx,http://localhost:3000/admin/offer-templates,http://demo.localhost:3000/admin/offer-templates,http://admin.localhost:3000/admin/offer-templates
page,/admin/offer-templates/[id]/edit,/admin/offer-templates/example/edit,http://localhost:3000/admin/offer-templates/example/edit,redirect,false,307,Temporary Redirect,/login?next=%2Fadmin%2Foffer-templates%2Fexample%2Fedit,,,/login?next=%2Fadmin%2Foffer-templates%2Fexample%2Fedit,2026-05-01T09:42:02.918Z,apps/web/src/app/(main)/admin/offer-templates/[id]/edit/page.tsx,http://localhost:3000/admin/offer-templates/example/edit,http://demo.localhost:3000/admin/offer-templates/example/edit,http://admin.localhost:3000/admin/offer-templates/example/edit
page,/admin/offer-templates/new,/admin/offer-templates/new,http://localhost:3000/admin/offer-templates/new,redirect,false,307,Temporary Redirect,/login?next=%2Fadmin%2Foffer-templates%2Fnew,,,/login?next=%2Fadmin%2Foffer-templates%2Fnew,2026-05-01T09:42:02.923Z,apps/web/src/app/(main)/admin/offer-templates/new/page.tsx,http://localhost:3000/admin/offer-templates/new,http://demo.localhost:3000/admin/offer-templates/new,http://admin.localhost:3000/admin/offer-templates/new
page,/admin/pending,/admin/pending,http://localhost:3000/admin/pending,redirect,false,307,Temporary Redirect,/login?next=%2Fadmin%2Fpending,,,/login?next=%2Fadmin%2Fpending,2026-05-01T09:42:02.928Z,apps/web/src/app/(main)/admin/pending/page.tsx,http://localhost:3000/admin/pending,http://demo.localhost:3000/admin/pending,http://admin.localhost:3000/admin/pending
page,/admin/privacy,/admin/privacy,http://localhost:3000/admin/privacy,redirect,false,307,Temporary Redirect,/login?next=%2Fadmin%2Fprivacy,,,/login?next=%2Fadmin%2Fprivacy,2026-05-01T09:42:02.933Z,apps/web/src/app/(main)/admin/privacy/page.tsx,http://localhost:3000/admin/privacy,http://demo.localhost:3000/admin/privacy,http://admin.localhost:3000/admin/privacy
page,/admin/recruitment,/admin/recruitment,http://localhost:3000/admin/recruitment,redirect,false,308,Permanent Redirect,/hr/hiring/requests,,,/hr/hiring/requests,2026-05-01T09:42:02.939Z,apps/web/src/app/(main)/admin/recruitment/page.tsx,http://localhost:3000/admin/recruitment,http://demo.localhost:3000/admin/recruitment,http://admin.localhost:3000/admin/recruitment
page,/admin/recruitment/[id],/admin/recruitment/example,http://localhost:3000/admin/recruitment/example,redirect,false,308,Permanent Redirect,/hr/hiring/requests/example,,,/hr/hiring/requests/example,2026-05-01T09:42:02.940Z,apps/web/src/app/(main)/admin/recruitment/[id]/page.tsx,http://localhost:3000/admin/recruitment/example,http://demo.localhost:3000/admin/recruitment/example,http://admin.localhost:3000/admin/recruitment/example
page,/admin/roles,/admin/roles,http://localhost:3000/admin/roles,redirect,false,307,Temporary Redirect,/login?next=%2Fadmin%2Froles,,,/login?next=%2Fadmin%2Froles,2026-05-01T09:42:02.940Z,apps/web/src/app/(main)/admin/roles/page.tsx,http://localhost:3000/admin/roles,http://demo.localhost:3000/admin/roles,http://admin.localhost:3000/admin/roles
page,/admin/rota,/admin/rota,http://localhost:3000/admin/rota,redirect,false,307,Temporary Redirect,/login?next=%2Fadmin%2Frota,,,/login?next=%2Fadmin%2Frota,2026-05-01T09:42:02.945Z,apps/web/src/app/(main)/admin/rota/page.tsx,http://localhost:3000/admin/rota,http://demo.localhost:3000/admin/rota,http://admin.localhost:3000/admin/rota
page,/admin/rota-import,/admin/rota-import,http://localhost:3000/admin/rota-import,redirect,false,307,Temporary Redirect,/login?next=%2Fadmin%2Frota-import,,,/login?next=%2Fadmin%2Frota-import,2026-05-01T09:42:02.951Z,apps/web/src/app/(main)/admin/rota-import/page.tsx,http://localhost:3000/admin/rota-import,http://demo.localhost:3000/admin/rota-import,http://admin.localhost:3000/admin/rota-import
page,/admin/scan-logs,/admin/scan-logs,http://localhost:3000/admin/scan-logs,redirect,false,307,Temporary Redirect,/login?next=%2Fadmin%2Fscan-logs,,,/login?next=%2Fadmin%2Fscan-logs,2026-05-01T09:42:02.956Z,apps/web/src/app/(main)/admin/scan-logs/page.tsx,http://localhost:3000/admin/scan-logs,http://demo.localhost:3000/admin/scan-logs,http://admin.localhost:3000/admin/scan-logs
page,/admin/settings,/admin/settings,http://localhost:3000/admin/settings,redirect,false,307,Temporary Redirect,/login?next=%2Fadmin%2Fsettings,,,/login?next=%2Fadmin%2Fsettings,2026-05-01T09:42:02.961Z,apps/web/src/app/(main)/admin/settings/page.tsx,http://localhost:3000/admin/settings,http://demo.localhost:3000/admin/settings,http://admin.localhost:3000/admin/settings
page,/admin/sub-teams,/admin/sub-teams,http://localhost:3000/admin/sub-teams,redirect,false,307,Temporary Redirect,/login?next=%2Fadmin%2Fsub-teams,,,/login?next=%2Fadmin%2Fsub-teams,2026-05-01T09:42:02.966Z,apps/web/src/app/(main)/admin/sub-teams/page.tsx,http://localhost:3000/admin/sub-teams,http://demo.localhost:3000/admin/sub-teams,http://admin.localhost:3000/admin/sub-teams
page,/admin/system-overview,/admin/system-overview,http://localhost:3000/admin/system-overview,redirect,false,307,Temporary Redirect,/login?next=%2Fadmin%2Fsystem-overview,,,/login?next=%2Fadmin%2Fsystem-overview,2026-05-01T09:42:02.970Z,apps/web/src/app/(main)/admin/system-overview/page.tsx,http://localhost:3000/admin/system-overview,http://demo.localhost:3000/admin/system-overview,http://admin.localhost:3000/admin/system-overview
page,/admin/teams,/admin/teams,http://localhost:3000/admin/teams,redirect,false,307,Temporary Redirect,/login?next=%2Fadmin%2Fteams,,,/login?next=%2Fadmin%2Fteams,2026-05-01T09:42:02.985Z,apps/web/src/app/(main)/admin/teams/page.tsx,http://localhost:3000/admin/teams,http://demo.localhost:3000/admin/teams,http://admin.localhost:3000/admin/teams
page,/admin/users,/admin/users,http://localhost:3000/admin/users,redirect,false,307,Temporary Redirect,/login?next=%2Fadmin%2Fusers,,,/login?next=%2Fadmin%2Fusers,2026-05-01T09:42:02.990Z,apps/web/src/app/(main)/admin/users/page.tsx,http://localhost:3000/admin/users,http://demo.localhost:3000/admin/users,http://admin.localhost:3000/admin/users
api,/api/admin/application-offers/[offerId]/pdf,/api/admin/application-offers/example/pdf,http://localhost:3000/api/admin/application-offers/example/pdf,accessDenied,false,401,Unauthorized,,text/plain;charset=UTF-8,,Unauthorized,2026-05-01T09:42:02.995Z,apps/web/src/app/api/admin/application-offers/[offerId]/pdf/route.ts,http://localhost:3000/api/admin/application-offers/example/pdf,http://demo.localhost:3000/api/admin/application-offers/example/pdf,http://admin.localhost:3000/api/admin/application-offers/example/pdf
api,/api/admin/custom-roles,/api/admin/custom-roles,http://localhost:3000/api/admin/custom-roles,accessDenied,false,401,Unauthorized,,application/json,,"{""error"":""Unauthorized""}",2026-05-01T09:42:03.355Z,apps/web/src/app/api/admin/custom-roles/route.ts,http://localhost:3000/api/admin/custom-roles,http://demo.localhost:3000/api/admin/custom-roles,http://admin.localhost:3000/api/admin/custom-roles
api,/api/admin/custom-roles/[roleId],/api/admin/custom-roles/example,http://localhost:3000/api/admin/custom-roles/example,accessDenied,false,401,Unauthorized,,application/json,,"{""error"":""Unauthorized""}",2026-05-01T09:42:03.657Z,apps/web/src/app/api/admin/custom-roles/[roleId]/route.ts,http://localhost:3000/api/admin/custom-roles/example,http://demo.localhost:3000/api/admin/custom-roles/example,http://admin.localhost:3000/api/admin/custom-roles/example
api,/api/admin/invite-member,/api/admin/invite-member,http://localhost:3000/api/admin/invite-member,ok,false,405,Method Not Allowed,,,,,2026-05-01T09:42:03.985Z,apps/web/src/app/api/admin/invite-member/route.ts,http://localhost:3000/api/admin/invite-member,http://demo.localhost:3000/api/admin/invite-member,http://admin.localhost:3000/api/admin/invite-member
api,/api/admin/job-applications/[id]/cv,/api/admin/job-applications/example/cv,http://localhost:3000/api/admin/job-applications/example/cv,accessDenied,false,401,Unauthorized,,text/plain;charset=UTF-8,,Unauthorized,2026-05-01T09:42:04.296Z,apps/web/src/app/api/admin/job-applications/[id]/cv/route.ts,http://localhost:3000/api/admin/job-applications/example/cv,http://demo.localhost:3000/api/admin/job-applications/example/cv,http://admin.localhost:3000/api/admin/job-applications/example/cv
api,/api/admin/members/assign-role,/api/admin/members/assign-role,http://localhost:3000/api/admin/members/assign-role,ok,false,405,Method Not Allowed,,,,,2026-05-01T09:42:07.191Z,apps/web/src/app/api/admin/members/assign-role/route.ts,http://localhost:3000/api/admin/members/assign-role,http://demo.localhost:3000/api/admin/members/assign-role,http://admin.localhost:3000/api/admin/members/assign-role
api,/api/admin/members/assignable-roles,/api/admin/members/assignable-roles,http://localhost:3000/api/admin/members/assignable-roles,accessDenied,false,401,Unauthorized,,application/json,,"{""error"":""Unauthorized""}",2026-05-01T09:42:07.782Z,apps/web/src/app/api/admin/members/assignable-roles/route.ts,http://localhost:3000/api/admin/members/assignable-roles,http://demo.localhost:3000/api/admin/members/assignable-roles,http://admin.localhost:3000/api/admin/members/assignable-roles
api,/api/admin/members/delete,/api/admin/members/delete,http://localhost:3000/api/admin/members/delete,ok,false,405,Method Not Allowed,,,,,2026-05-01T09:42:08.338Z,apps/web/src/app/api/admin/members/delete/route.ts,http://localhost:3000/api/admin/members/delete,http://demo.localhost:3000/api/admin/members/delete,http://admin.localhost:3000/api/admin/members/delete
api,/api/admin/members/[userId]/permission-overrides,/api/admin/members/example/permission-overrides,http://localhost:3000/api/admin/members/example/permission-overrides,accessDenied,false,401,Unauthorized,,application/json,,"{""error"":""Unauthorized""}",2026-05-01T09:42:09.159Z,apps/web/src/app/api/admin/members/[userId]/permission-overrides/route.ts,http://localhost:3000/api/admin/members/example/permission-overrides,http://demo.localhost:3000/api/admin/members/example/permission-overrides,http://admin.localhost:3000/api/admin/members/example/permission-overrides
api,/api/admin/members/update-departments,/api/admin/members/update-departments,http://localhost:3000/api/admin/members/update-departments,ok,false,405,Method Not Allowed,,,,,2026-05-01T09:42:09.724Z,apps/web/src/app/api/admin/members/update-departments/route.ts,http://localhost:3000/api/admin/members/update-departments,http://demo.localhost:3000/api/admin/members/update-departments,http://admin.localhost:3000/api/admin/members/update-departments
api,/api/admin/members/update-reports-to,/api/admin/members/update-reports-to,http://localhost:3000/api/admin/members/update-reports-to,ok,false,405,Method Not Allowed,,,,,2026-05-01T09:42:10.153Z,apps/web/src/app/api/admin/members/update-reports-to/route.ts,http://localhost:3000/api/admin/members/update-reports-to,http://demo.localhost:3000/api/admin/members/update-reports-to,http://admin.localhost:3000/api/admin/members/update-reports-to
api,/api/admin/permissions/bootstrap,/api/admin/permissions/bootstrap,http://localhost:3000/api/admin/permissions/bootstrap,ok,false,405,Method Not Allowed,,,,,2026-05-01T09:42:10.653Z,apps/web/src/app/api/admin/permissions/bootstrap/route.ts,http://localhost:3000/api/admin/permissions/bootstrap,http://demo.localhost:3000/api/admin/permissions/bootstrap,http://admin.localhost:3000/api/admin/permissions/bootstrap
api,/api/admin/resend-access-email,/api/admin/resend-access-email,http://localhost:3000/api/admin/resend-access-email,ok,false,405,Method Not Allowed,,,,,2026-05-01T09:42:11.285Z,apps/web/src/app/api/admin/resend-access-email/route.ts,http://localhost:3000/api/admin/resend-access-email,http://demo.localhost:3000/api/admin/resend-access-email,http://admin.localhost:3000/api/admin/resend-access-email
api,/api/admin/roles,/api/admin/roles,http://localhost:3000/api/admin/roles,accessDenied,false,401,Unauthorized,,application/json,,"{""error"":""Unauthorized""}",2026-05-01T09:42:11.710Z,apps/web/src/app/api/admin/roles/route.ts,http://localhost:3000/api/admin/roles,http://demo.localhost:3000/api/admin/roles,http://admin.localhost:3000/api/admin/roles
api,/api/admin/roles/[roleId],/api/admin/roles/example,http://localhost:3000/api/admin/roles/example,ok,false,405,Method Not Allowed,,,,,2026-05-01T09:42:12.026Z,apps/web/src/app/api/admin/roles/[roleId]/route.ts,http://localhost:3000/api/admin/roles/example,http://demo.localhost:3000/api/admin/roles/example,http://admin.localhost:3000/api/admin/roles/example
api,/api/admin/rota-sheets-import,/api/admin/rota-sheets-import,http://localhost:3000/api/admin/rota-sheets-import,ok,false,405,Method Not Allowed,,,,,2026-05-01T09:42:12.560Z,apps/web/src/app/api/admin/rota-sheets-import/route.ts,http://localhost:3000/api/admin/rota-sheets-import,http://demo.localhost:3000/api/admin/rota-sheets-import,http://admin.localhost:3000/api/admin/rota-sheets-import
api,/api/admin/self-signup-link,/api/admin/self-signup-link,http://localhost:3000/api/admin/self-signup-link,ok,false,405,Method Not Allowed,,,,,2026-05-01T09:42:13.451Z,apps/web/src/app/api/admin/self-signup-link/route.ts,http://localhost:3000/api/admin/self-signup-link,http://demo.localhost:3000/api/admin/self-signup-link,http://admin.localhost:3000/api/admin/self-signup-link
api,/api/auth/complete-org-join,/api/auth/complete-org-join,http://localhost:3000/api/auth/complete-org-join,ok,false,405,Method Not Allowed,,,,,2026-05-01T09:42:15.333Z,apps/web/src/app/api/auth/complete-org-join/route.ts,http://localhost:3000/api/auth/complete-org-join,http://demo.localhost:3000/api/auth/complete-org-join,http://admin.localhost:3000/api/auth/complete-org-join
api,/api/auth/create-org-for-existing-account,/api/auth/create-org-for-existing-account,http://localhost:3000/api/auth/create-org-for-existing-account,ok,false,405,Method Not Allowed,,,,,2026-05-01T09:42:15.764Z,apps/web/src/app/api/auth/create-org-for-existing-account/route.ts,http://localhost:3000/api/auth/create-org-for-existing-account,http://demo.localhost:3000/api/auth/create-org-for-existing-account,http://admin.localhost:3000/api/auth/create-org-for-existing-account
api,/api/auth/join-org-for-existing-account,/api/auth/join-org-for-existing-account,http://localhost:3000/api/auth/join-org-for-existing-account,ok,false,405,Method Not Allowed,,,,,2026-05-01T09:42:16.103Z,apps/web/src/app/api/auth/join-org-for-existing-account/route.ts,http://localhost:3000/api/auth/join-org-for-existing-account,http://demo.localhost:3000/api/auth/join-org-for-existing-account,http://admin.localhost:3000/api/auth/join-org-for-existing-account
api,/api/auth/register-existing-membership,/api/auth/register-existing-membership,http://localhost:3000/api/auth/register-existing-membership,ok,false,405,Method Not Allowed,,,,,2026-05-01T09:42:16.438Z,apps/web/src/app/api/auth/register-existing-membership/route.ts,http://localhost:3000/api/auth/register-existing-membership,http://demo.localhost:3000/api/auth/register-existing-membership,http://admin.localhost:3000/api/auth/register-existing-membership
api,/api/broadcasts/summarize,/api/broadcasts/summarize,http://localhost:3000/api/broadcasts/summarize,ok,false,405,Method Not Allowed,,,,,2026-05-01T09:42:16.771Z,apps/web/src/app/api/broadcasts/summarize/route.ts,http://localhost:3000/api/broadcasts/summarize,http://demo.localhost:3000/api/broadcasts/summarize,http://admin.localhost:3000/api/broadcasts/summarize
api,/api/cache/invalidate,/api/cache/invalidate,http://localhost:3000/api/cache/invalidate,ok,false,405,Method Not Allowed,,,,,2026-05-01T09:42:17.858Z,apps/web/src/app/api/cache/invalidate/route.ts,http://localhost:3000/api/cache/invalidate,http://demo.localhost:3000/api/cache/invalidate,http://admin.localhost:3000/api/cache/invalidate
api,/api/google/calendar/events,/api/google/calendar/events,http://localhost:3000/api/google/calendar/events,ok,false,400,Bad Request,,application/json,,"{""error"":""from and to are required""}",2026-05-01T09:42:17.887Z,apps/web/src/app/api/google/calendar/events/route.ts,http://localhost:3000/api/google/calendar/events,http://demo.localhost:3000/api/google/calendar/events,http://admin.localhost:3000/api/google/calendar/events
api,/api/google/oauth/callback,/api/google/oauth/callback,http://localhost:3000/api/google/oauth/callback,redirect,false,307,Temporary Redirect,http://localhost:3000/settings?google_error=invalid_state,,,,2026-05-01T09:42:18.244Z,apps/web/src/app/api/google/oauth/callback/route.ts,http://localhost:3000/api/google/oauth/callback,http://demo.localhost:3000/api/google/oauth/callback,http://admin.localhost:3000/api/google/oauth/callback
api,/api/google/oauth/start,/api/google/oauth/start,http://localhost:3000/api/google/oauth/start,ok,false,400,Bad Request,,application/json,,"{""error"":""type must be sheets or calendar""}",2026-05-01T09:42:18.594Z,apps/web/src/app/api/google/oauth/start/route.ts,http://localhost:3000/api/google/oauth/start,http://demo.localhost:3000/api/google/oauth/start,http://admin.localhost:3000/api/google/oauth/start
api,/api/google/sync,/api/google/sync,http://localhost:3000/api/google/sync,ok,false,405,Method Not Allowed,,,,,2026-05-01T09:42:19.032Z,apps/web/src/app/api/google/sync/route.ts,http://localhost:3000/api/google/sync,http://demo.localhost:3000/api/google/sync,http://admin.localhost:3000/api/google/sync
api,/api/health,/api/health,http://localhost:3000/api/health,ok,true,200,OK,,application/json,,"{""ok"":true,""service"":""campsite-web"",""ts"":""2026-05-01T09:42:19.768Z""}",2026-05-01T09:42:19.431Z,apps/web/src/app/api/health/route.ts,http://localhost:3000/api/health,http://demo.localhost:3000/api/health,http://admin.localhost:3000/api/health
api,/api/hr/dashboard-stats,/api/hr/dashboard-stats,http://localhost:3000/api/hr/dashboard-stats,accessDenied,false,401,Unauthorized,,application/json,,"{""error"":""Not authenticated""}",2026-05-01T09:42:19.769Z,apps/web/src/app/api/hr/dashboard-stats/route.ts,http://localhost:3000/api/hr/dashboard-stats,http://demo.localhost:3000/api/hr/dashboard-stats,http://admin.localhost:3000/api/hr/dashboard-stats
api,/api/hr/medical-notes,/api/hr/medical-notes,http://localhost:3000/api/hr/medical-notes,accessDenied,false,401,Unauthorized,,application/json,,"{""error"":""Not authenticated""}",2026-05-01T09:42:21.658Z,apps/web/src/app/api/hr/medical-notes/route.ts,http://localhost:3000/api/hr/medical-notes,http://demo.localhost:3000/api/hr/medical-notes,http://admin.localhost:3000/api/hr/medical-notes
api,/api/hr/medical-notes/[id]/reveal,/api/hr/medical-notes/example/reveal,http://localhost:3000/api/hr/medical-notes/example/reveal,ok,false,405,Method Not Allowed,,,,,2026-05-01T09:42:22.139Z,apps/web/src/app/api/hr/medical-notes/[id]/reveal/route.ts,http://localhost:3000/api/hr/medical-notes/example/reveal,http://demo.localhost:3000/api/hr/medical-notes/example/reveal,http://admin.localhost:3000/api/hr/medical-notes/example/reveal
api,/api/hr/overview-stats,/api/hr/overview-stats,http://localhost:3000/api/hr/overview-stats,accessDenied,false,401,Unauthorized,,application/json,,"{""error"":""Not authenticated""}",2026-05-01T09:42:22.526Z,apps/web/src/app/api/hr/overview-stats/route.ts,http://localhost:3000/api/hr/overview-stats,http://demo.localhost:3000/api/hr/overview-stats,http://admin.localhost:3000/api/hr/overview-stats
api,/api/hr/records/export,/api/hr/records/export,http://localhost:3000/api/hr/records/export,accessDenied,false,401,Unauthorized,,application/json,,"{""error"":""Not authenticated""}",2026-05-01T09:42:22.966Z,apps/web/src/app/api/hr/records/export/route.ts,http://localhost:3000/api/hr/records/export,http://demo.localhost:3000/api/hr/records/export,http://admin.localhost:3000/api/hr/records/export
api,/api/hr/training-records,/api/hr/training-records,http://localhost:3000/api/hr/training-records,accessDenied,false,401,Unauthorized,,application/json,,"{""error"":""Not authenticated""}",2026-05-01T09:42:23.696Z,apps/web/src/app/api/hr/training-records/route.ts,http://localhost:3000/api/hr/training-records,http://demo.localhost:3000/api/hr/training-records,http://admin.localhost:3000/api/hr/training-records
api,/api/hr/training-records/[recordId],/api/hr/training-records/example,http://localhost:3000/api/hr/training-records/example,ok,false,405,Method Not Allowed,,,,,2026-05-01T09:42:24.253Z,apps/web/src/app/api/hr/training-records/[recordId]/route.ts,http://localhost:3000/api/hr/training-records/example,http://demo.localhost:3000/api/hr/training-records/example,http://admin.localhost:3000/api/hr/training-records/example
api,/api/legal/acceptance,/api/legal/acceptance,http://localhost:3000/api/legal/acceptance,ok,false,405,Method Not Allowed,,,,,2026-05-01T09:42:24.672Z,apps/web/src/app/api/legal/acceptance/route.ts,http://localhost:3000/api/legal/acceptance,http://demo.localhost:3000/api/legal/acceptance,http://admin.localhost:3000/api/legal/acceptance
api,/api/loadtest/redis-check,/api/loadtest/redis-check,http://localhost:3000/api/loadtest/redis-check,accessDenied,false,401,Unauthorized,,application/json,,"{""error"":""Not authenticated""}",2026-05-01T09:42:25.109Z,apps/web/src/app/api/loadtest/redis-check/route.ts,http://localhost:3000/api/loadtest/redis-check,http://demo.localhost:3000/api/loadtest/redis-check,http://admin.localhost:3000/api/loadtest/redis-check
api,/api/loadtest/shell-bundle,/api/loadtest/shell-bundle,http://localhost:3000/api/loadtest/shell-bundle,accessDenied,false,401,Unauthorized,,application/json,,"{""error"":""unauthorized"",""auth_reason"":""missing_auth_header"",""auth_error_code"":null,""auth_error_message"":null,""jwt_exp_unix"":null,""server_now_unix"":1777628546,""seconds_until_expiry"":null,""auth_validation_source"":""local_jw",2026-05-01T09:42:25.570Z,apps/web/src/app/api/loadtest/shell-bundle/route.ts,http://localhost:3000/api/loadtest/shell-bundle,http://demo.localhost:3000/api/loadtest/shell-bundle,http://admin.localhost:3000/api/loadtest/shell-bundle
api,/api/loadtest/shell-bundle-internal,/api/loadtest/shell-bundle-internal,http://localhost:3000/api/loadtest/shell-bundle-internal,accessDenied,false,403,Forbidden,,application/json,,"{""error"":""forbidden""}",2026-05-01T09:42:26.513Z,apps/web/src/app/api/loadtest/shell-bundle-internal/route.ts,http://localhost:3000/api/loadtest/shell-bundle-internal,http://demo.localhost:3000/api/loadtest/shell-bundle-internal,http://admin.localhost:3000/api/loadtest/shell-bundle-internal
api,/api/microsoft/calendar/events,/api/microsoft/calendar/events,http://localhost:3000/api/microsoft/calendar/events,ok,false,400,Bad Request,,application/json,,"{""error"":""from and to are required""}",2026-05-01T09:42:27.395Z,apps/web/src/app/api/microsoft/calendar/events/route.ts,http://localhost:3000/api/microsoft/calendar/events,http://demo.localhost:3000/api/microsoft/calendar/events,http://admin.localhost:3000/api/microsoft/calendar/events
api,/api/microsoft/oauth/start,/api/microsoft/oauth/start,http://localhost:3000/api/microsoft/oauth/start,accessDenied,false,401,Unauthorized,,application/json,,"{""error"":""Unauthorized""}",2026-05-01T09:42:28.357Z,apps/web/src/app/api/microsoft/oauth/start/route.ts,http://localhost:3000/api/microsoft/oauth/start,http://demo.localhost:3000/api/microsoft/oauth/start,http://admin.localhost:3000/api/microsoft/oauth/start
api,/api/microsoft/sync,/api/microsoft/sync,http://localhost:3000/api/microsoft/sync,ok,false,405,Method Not Allowed,,,,,2026-05-01T09:42:29.148Z,apps/web/src/app/api/microsoft/sync/route.ts,http://localhost:3000/api/microsoft/sync,http://demo.localhost:3000/api/microsoft/sync,http://admin.localhost:3000/api/microsoft/sync
api,/api/org-chart/live,/api/org-chart/live,http://localhost:3000/api/org-chart/live,accessDenied,false,403,Forbidden,,application/json,,"{""error"":""Forbidden""}",2026-05-01T09:42:29.628Z,apps/web/src/app/api/org-chart/live/route.ts,http://localhost:3000/api/org-chart/live,http://demo.localhost:3000/api/org-chart/live,http://admin.localhost:3000/api/org-chart/live
api,/api/org-logo/lookup,/api/org-logo/lookup,http://localhost:3000/api/org-logo/lookup,ok,false,405,Method Not Allowed,,,,,2026-05-01T09:42:30.115Z,apps/web/src/app/api/org-logo/lookup/route.ts,http://localhost:3000/api/org-logo/lookup,http://demo.localhost:3000/api/org-logo/lookup,http://admin.localhost:3000/api/org-logo/lookup
api,/api/org-logo/suggest-colors,/api/org-logo/suggest-colors,http://localhost:3000/api/org-logo/suggest-colors,ok,false,405,Method Not Allowed,,,,,2026-05-01T09:42:30.580Z,apps/web/src/app/api/org-logo/suggest-colors/route.ts,http://localhost:3000/api/org-logo/suggest-colors,http://demo.localhost:3000/api/org-logo/suggest-colors,http://admin.localhost:3000/api/org-logo/suggest-colors
api,/api/org-logo/upload,/api/org-logo/upload,http://localhost:3000/api/org-logo/upload,ok,false,405,Method Not Allowed,,,,,2026-05-01T09:42:31.020Z,apps/web/src/app/api/org-logo/upload/route.ts,http://localhost:3000/api/org-logo/upload,http://demo.localhost:3000/api/org-logo/upload,http://admin.localhost:3000/api/org-logo/upload
api,/api/payroll/bank-details,/api/payroll/bank-details,http://localhost:3000/api/payroll/bank-details,accessDenied,false,401,Unauthorized,,application/json,,"{""error"":""Not authenticated""}",2026-05-01T09:42:31.488Z,apps/web/src/app/api/payroll/bank-details/route.ts,http://localhost:3000/api/payroll/bank-details,http://demo.localhost:3000/api/payroll/bank-details,http://admin.localhost:3000/api/payroll/bank-details
api,/api/payroll/bank-details/[id]/approve,/api/payroll/bank-details/example/approve,http://localhost:3000/api/payroll/bank-details/example/approve,ok,false,405,Method Not Allowed,,,,,2026-05-01T09:42:31.981Z,apps/web/src/app/api/payroll/bank-details/[id]/approve/route.ts,http://localhost:3000/api/payroll/bank-details/example/approve,http://demo.localhost:3000/api/payroll/bank-details/example/approve,http://admin.localhost:3000/api/payroll/bank-details/example/approve
api,/api/payroll/bank-details/[id]/reject,/api/payroll/bank-details/example/reject,http://localhost:3000/api/payroll/bank-details/example/reject,ok,false,405,Method Not Allowed,,,,,2026-05-01T09:42:32.459Z,apps/web/src/app/api/payroll/bank-details/[id]/reject/route.ts,http://localhost:3000/api/payroll/bank-details/example/reject,http://demo.localhost:3000/api/payroll/bank-details/example/reject,http://admin.localhost:3000/api/payroll/bank-details/example/reject
api,/api/payroll/bank-details/[id]/reveal,/api/payroll/bank-details/example/reveal,http://localhost:3000/api/payroll/bank-details/example/reveal,ok,false,405,Method Not Allowed,,,,,2026-05-01T09:42:35.098Z,apps/web/src/app/api/payroll/bank-details/[id]/reveal/route.ts,http://localhost:3000/api/payroll/bank-details/example/reveal,http://demo.localhost:3000/api/payroll/bank-details/example/reveal,http://admin.localhost:3000/api/payroll/bank-details/example/reveal
api,/api/payroll/bank-details/export,/api/payroll/bank-details/export,http://localhost:3000/api/payroll/bank-details/export,accessDenied,false,401,Unauthorized,,application/json,,"{""error"":""Not authenticated""}",2026-05-01T09:42:38.174Z,apps/web/src/app/api/payroll/bank-details/export/route.ts,http://localhost:3000/api/payroll/bank-details/export,http://demo.localhost:3000/api/payroll/bank-details/export,http://admin.localhost:3000/api/payroll/bank-details/export
api,/api/payroll/tax-documents/export,/api/payroll/tax-documents/export,http://localhost:3000/api/payroll/tax-documents/export,accessDenied,false,401,Unauthorized,,application/json,,"{""error"":""Unauthorized""}",2026-05-01T09:42:38.736Z,apps/web/src/app/api/payroll/tax-documents/export/route.ts,http://localhost:3000/api/payroll/tax-documents/export,http://demo.localhost:3000/api/payroll/tax-documents/export,http://admin.localhost:3000/api/payroll/tax-documents/export
api,/api/payroll/uk-tax,/api/payroll/uk-tax,http://localhost:3000/api/payroll/uk-tax,accessDenied,false,401,Unauthorized,,application/json,,"{""error"":""Not authenticated""}",2026-05-01T09:42:39.261Z,apps/web/src/app/api/payroll/uk-tax/route.ts,http://localhost:3000/api/payroll/uk-tax,http://demo.localhost:3000/api/payroll/uk-tax,http://admin.localhost:3000/api/payroll/uk-tax
api,/api/payroll/uk-tax/[id]/approve,/api/payroll/uk-tax/example/approve,http://localhost:3000/api/payroll/uk-tax/example/approve,ok,false,405,Method Not Allowed,,,,,2026-05-01T09:42:39.779Z,apps/web/src/app/api/payroll/uk-tax/[id]/approve/route.ts,http://localhost:3000/api/payroll/uk-tax/example/approve,http://demo.localhost:3000/api/payroll/uk-tax/example/approve,http://admin.localhost:3000/api/payroll/uk-tax/example/approve
api,/api/payroll/uk-tax/[id]/reject,/api/payroll/uk-tax/example/reject,http://localhost:3000/api/payroll/uk-tax/example/reject,ok,false,405,Method Not Allowed,,,,,2026-05-01T09:42:40.307Z,apps/web/src/app/api/payroll/uk-tax/[id]/reject/route.ts,http://localhost:3000/api/payroll/uk-tax/example/reject,http://demo.localhost:3000/api/payroll/uk-tax/example/reject,http://admin.localhost:3000/api/payroll/uk-tax/example/reject
api,/api/payroll/uk-tax/[id]/reveal,/api/payroll/uk-tax/example/reveal,http://localhost:3000/api/payroll/uk-tax/example/reveal,ok,false,405,Method Not Allowed,,,,,2026-05-01T09:42:41.049Z,apps/web/src/app/api/payroll/uk-tax/[id]/reveal/route.ts,http://localhost:3000/api/payroll/uk-tax/example/reveal,http://demo.localhost:3000/api/payroll/uk-tax/example/reveal,http://admin.localhost:3000/api/payroll/uk-tax/example/reveal
api,/api/payroll/uk-tax/export,/api/payroll/uk-tax/export,http://localhost:3000/api/payroll/uk-tax/export,accessDenied,false,401,Unauthorized,,application/json,,"{""error"":""Not authenticated""}",2026-05-01T09:42:41.596Z,apps/web/src/app/api/payroll/uk-tax/export/route.ts,http://localhost:3000/api/payroll/uk-tax/export,http://demo.localhost:3000/api/payroll/uk-tax/export,http://admin.localhost:3000/api/payroll/uk-tax/export
api,/api/payroll/wagesheets/export-xlsx,/api/payroll/wagesheets/export-xlsx,http://localhost:3000/api/payroll/wagesheets/export-xlsx,accessDenied,false,401,Unauthorized,,application/json,,"{""error"":""Not authenticated""}",2026-05-01T09:42:42.135Z,apps/web/src/app/api/payroll/wagesheets/export-xlsx/route.ts,http://localhost:3000/api/payroll/wagesheets/export-xlsx,http://demo.localhost:3000/api/payroll/wagesheets/export-xlsx,http://admin.localhost:3000/api/payroll/wagesheets/export-xlsx
api,/api/presence/touch,/api/presence/touch,http://localhost:3000/api/presence/touch,ok,false,405,Method Not Allowed,,,,,2026-05-01T09:42:42.828Z,apps/web/src/app/api/presence/touch/route.ts,http://localhost:3000/api/presence/touch,http://demo.localhost:3000/api/presence/touch,http://admin.localhost:3000/api/presence/touch
api,/api/privacy/erasure-requests,/api/privacy/erasure-requests,http://localhost:3000/api/privacy/erasure-requests,accessDenied,false,401,Unauthorized,,application/json,,"{""error"":""Not authenticated""}",2026-05-01T09:42:43.366Z,apps/web/src/app/api/privacy/erasure-requests/route.ts,http://localhost:3000/api/privacy/erasure-requests,http://demo.localhost:3000/api/privacy/erasure-requests,http://admin.localhost:3000/api/privacy/erasure-requests
api,/api/privacy/erasure-requests/[id]/execute,/api/privacy/erasure-requests/example/execute,http://localhost:3000/api/privacy/erasure-requests/example/execute,ok,false,405,Method Not Allowed,,,,,2026-05-01T09:42:43.924Z,apps/web/src/app/api/privacy/erasure-requests/[id]/execute/route.ts,http://localhost:3000/api/privacy/erasure-requests/example/execute,http://demo.localhost:3000/api/privacy/erasure-requests/example/execute,http://admin.localhost:3000/api/privacy/erasure-requests/example/execute
api,/api/privacy/erasure-requests/[id]/preview,/api/privacy/erasure-requests/example/preview,http://localhost:3000/api/privacy/erasure-requests/example/preview,ok,false,405,Method Not Allowed,,,,,2026-05-01T09:42:44.489Z,apps/web/src/app/api/privacy/erasure-requests/[id]/preview/route.ts,http://localhost:3000/api/privacy/erasure-requests/example/preview,http://demo.localhost:3000/api/privacy/erasure-requests/example/preview,http://admin.localhost:3000/api/privacy/erasure-requests/example/preview
api,/api/privacy/erasure-requests/[id]/review,/api/privacy/erasure-requests/example/review,http://localhost:3000/api/privacy/erasure-requests/example/review,ok,false,405,Method Not Allowed,,,,,2026-05-01T09:42:45.071Z,apps/web/src/app/api/privacy/erasure-requests/[id]/review/route.ts,http://localhost:3000/api/privacy/erasure-requests/example/review,http://demo.localhost:3000/api/privacy/erasure-requests/example/review,http://admin.localhost:3000/api/privacy/erasure-requests/example/review
api,/api/privacy/retention-policies,/api/privacy/retention-policies,http://localhost:3000/api/privacy/retention-policies,accessDenied,false,401,Unauthorized,,application/json,,"{""error"":""Not authenticated""}",2026-05-01T09:42:45.660Z,apps/web/src/app/api/privacy/retention-policies/route.ts,http://localhost:3000/api/privacy/retention-policies,http://demo.localhost:3000/api/privacy/retention-policies,http://admin.localhost:3000/api/privacy/retention-policies
api,/api/push-token,/api/push-token,http://localhost:3000/api/push-token,ok,false,405,Method Not Allowed,,,,,2026-05-01T09:42:48.212Z,apps/web/src/app/api/push-token/route.ts,http://localhost:3000/api/push-token,http://demo.localhost:3000/api/push-token,http://admin.localhost:3000/api/push-token
api,/api/reports,/api/reports,http://localhost:3000/api/reports,accessDenied,false,401,Unauthorized,,application/json,,"{""error"":""Not authenticated""}",2026-05-01T09:42:48.902Z,apps/web/src/app/api/reports/route.ts,http://localhost:3000/api/reports,http://demo.localhost:3000/api/reports,http://admin.localhost:3000/api/reports
api,/api/reports/[id],/api/reports/example,http://localhost:3000/api/reports/example,accessDenied,false,401,Unauthorized,,application/json,,"{""error"":""Not authenticated""}",2026-05-01T09:42:49.544Z,apps/web/src/app/api/reports/[id]/route.ts,http://localhost:3000/api/reports/example,http://demo.localhost:3000/api/reports/example,http://admin.localhost:3000/api/reports/example
api,/api/reports/[id]/export,/api/reports/example/export,http://localhost:3000/api/reports/example/export,accessDenied,false,401,Unauthorized,,application/json,,"{""error"":""Not authenticated""}",2026-05-01T09:42:50.165Z,apps/web/src/app/api/reports/[id]/export/route.ts,http://localhost:3000/api/reports/example/export,http://demo.localhost:3000/api/reports/example/export,http://admin.localhost:3000/api/reports/example/export
api,/api/reports/[id]/run,/api/reports/example/run,http://localhost:3000/api/reports/example/run,ok,false,405,Method Not Allowed,,,,,2026-05-01T09:42:50.858Z,apps/web/src/app/api/reports/[id]/run/route.ts,http://localhost:3000/api/reports/example/run,http://demo.localhost:3000/api/reports/example/run,http://admin.localhost:3000/api/reports/example/run
api,/api/reports/[id]/runs,/api/reports/example/runs,http://localhost:3000/api/reports/example/runs,accessDenied,false,401,Unauthorized,,application/json,,"{""error"":""Not authenticated""}",2026-05-01T09:42:52.002Z,apps/web/src/app/api/reports/[id]/runs/route.ts,http://localhost:3000/api/reports/example/runs,http://demo.localhost:3000/api/reports/example/runs,http://admin.localhost:3000/api/reports/example/runs
api,/api/reports/[id]/schedule,/api/reports/example/schedule,http://localhost:3000/api/reports/example/schedule,ok,false,405,Method Not Allowed,,,,,2026-05-01T09:42:53.392Z,apps/web/src/app/api/reports/[id]/schedule/route.ts,http://localhost:3000/api/reports/example/schedule,http://demo.localhost:3000/api/reports/example/schedule,http://admin.localhost:3000/api/reports/example/schedule
api,/api/reports/home,/api/reports/home,http://localhost:3000/api/reports/home,accessDenied,false,401,Unauthorized,,application/json,,"{""error"":""Not authenticated""}",2026-05-01T09:42:55.966Z,apps/web/src/app/api/reports/home/route.ts,http://localhost:3000/api/reports/home,http://demo.localhost:3000/api/reports/home,http://admin.localhost:3000/api/reports/home
api,/api/reports/pins,/api/reports/pins,http://localhost:3000/api/reports/pins,ok,false,405,Method Not Allowed,,,,,2026-05-01T09:42:57.443Z,apps/web/src/app/api/reports/pins/route.ts,http://localhost:3000/api/reports/pins,http://demo.localhost:3000/api/reports/pins,http://admin.localhost:3000/api/reports/pins
api,/api/resources/chat,/api/resources/chat,http://localhost:3000/api/resources/chat,ok,false,405,Method Not Allowed,,,,,2026-05-01T09:42:59.070Z,apps/web/src/app/api/resources/chat/route.ts,http://localhost:3000/api/resources/chat,http://demo.localhost:3000/api/resources/chat,http://admin.localhost:3000/api/resources/chat
api,/api/resources/summarize,/api/resources/summarize,http://localhost:3000/api/resources/summarize,ok,false,405,Method Not Allowed,,,,,2026-05-01T09:43:02.831Z,apps/web/src/app/api/resources/summarize/route.ts,http://localhost:3000/api/resources/summarize,http://demo.localhost:3000/api/resources/summarize,http://admin.localhost:3000/api/resources/summarize
api,/api/unsplash/photos,/api/unsplash/photos,http://localhost:3000/api/unsplash/photos,ok,true,200,OK,,application/json,,"{""ok"":true,""source"":""unsplash"",""photos"":[{""id"":""NRQV-hBF10M"",""urls"":{""small"":""https://images.unsplash.com/photo-1506744038136-46273834b3fb?crop=entropy&cs=tinysrgb&fit=max&fm=jpg&ixid=M3w5MDk4NjN8MHwxfHNlYXJjaHwxfHxsYW5k",2026-05-01T09:43:05.055Z,apps/web/src/app/api/unsplash/photos/route.ts,http://localhost:3000/api/unsplash/photos,http://demo.localhost:3000/api/unsplash/photos,http://admin.localhost:3000/api/unsplash/photos
api,/api/unsplash/track-download,/api/unsplash/track-download,http://localhost:3000/api/unsplash/track-download,ok,false,405,Method Not Allowed,,,,,2026-05-01T09:43:07.918Z,apps/web/src/app/api/unsplash/track-download/route.ts,http://localhost:3000/api/unsplash/track-download,http://demo.localhost:3000/api/unsplash/track-download,http://admin.localhost:3000/api/unsplash/track-download
page,/attendance,/attendance,http://localhost:3000/attendance,redirect,false,307,Temporary Redirect,/login?next=%2Fattendance,,,/login?next=%2Fattendance,2026-05-01T09:43:08.867Z,apps/web/src/app/(main)/attendance/page.tsx,http://localhost:3000/attendance,http://demo.localhost:3000/attendance,http://admin.localhost:3000/attendance
page,/auth/callback,/auth/callback,http://localhost:3000/auth/callback,accessDenied,true,200,OK,,text/html; charset=utf-8,,"<!DOCTYPE html><html lang=""en""><head><meta charSet=""utf-8""/><meta name=""viewport"" content=""width=device-width, initial-scale=1""/><link rel=""stylesheet"" href=""/_next/static/css/app/layout.css?v=1777628596092"" data-precede",2026-05-01T09:43:08.878Z,apps/web/src/app/auth/callback/page.tsx,http://localhost:3000/auth/callback,http://demo.localhost:3000/auth/callback,http://admin.localhost:3000/auth/callback
api,/auth/confirm,/auth/confirm,http://localhost:3000/auth/confirm,redirect,false,307,Temporary Redirect,http://localhost:3000/auth/callback,,,,2026-05-01T09:43:16.392Z,apps/web/src/app/auth/confirm/route.ts,http://localhost:3000/auth/confirm,http://demo.localhost:3000/auth/confirm,http://admin.localhost:3000/auth/confirm
api,/auth/outlook/callback,/auth/outlook/callback,http://localhost:3000/auth/outlook/callback,redirect,false,307,Temporary Redirect,/login?next=%2Fauth%2Foutlook%2Fcallback,,,/login?next=%2Fauth%2Foutlook%2Fcallback,2026-05-01T09:43:17.770Z,apps/web/src/app/auth/outlook/callback/route.ts,http://localhost:3000/auth/outlook/callback,http://demo.localhost:3000/auth/outlook/callback,http://admin.localhost:3000/auth/outlook/callback
page,/auth/set-password,/auth/set-password,http://localhost:3000/auth/set-password,accessDenied,true,200,OK,,text/html; charset=utf-8,,"<!DOCTYPE html><html lang=""en""><head><meta charSet=""utf-8""/><meta name=""viewport"" content=""width=device-width, initial-scale=1""/><link rel=""stylesheet"" href=""/_next/static/css/app/layout.css?v=1777628598638"" data-precede",2026-05-01T09:43:17.783Z,apps/web/src/app/auth/set-password/page.tsx,http://localhost:3000/auth/set-password,http://demo.localhost:3000/auth/set-password,http://admin.localhost:3000/auth/set-password
page,/broadcasts,/broadcasts,http://localhost:3000/broadcasts,redirect,false,307,Temporary Redirect,/login?next=%2Fbroadcasts,,,/login?next=%2Fbroadcasts,2026-05-01T09:43:18.772Z,apps/web/src/app/(main)/broadcasts/page.tsx,http://localhost:3000/broadcasts,http://demo.localhost:3000/broadcasts,http://admin.localhost:3000/broadcasts
page,/broadcasts/[id],/broadcasts/example,http://localhost:3000/broadcasts/example,redirect,false,307,Temporary Redirect,/login?next=%2Fbroadcasts%2Fexample,,,/login?next=%2Fbroadcasts%2Fexample,2026-05-01T09:43:18.778Z,apps/web/src/app/(main)/broadcasts/[id]/page.tsx,http://localhost:3000/broadcasts/example,http://demo.localhost:3000/broadcasts/example,http://admin.localhost:3000/broadcasts/example
page,/broadcasts/[id]/edit,/broadcasts/example/edit,http://localhost:3000/broadcasts/example/edit,redirect,false,307,Temporary Redirect,/login?next=%2Fbroadcasts%2Fexample%2Fedit,,,/login?next=%2Fbroadcasts%2Fexample%2Fedit,2026-05-01T09:43:18.784Z,apps/web/src/app/(main)/broadcasts/[id]/edit/page.tsx,http://localhost:3000/broadcasts/example/edit,http://demo.localhost:3000/broadcasts/example/edit,http://admin.localhost:3000/broadcasts/example/edit
page,/calendar,/calendar,http://localhost:3000/calendar,redirect,false,307,Temporary Redirect,/login?next=%2Fcalendar,,,/login?next=%2Fcalendar,2026-05-01T09:43:18.789Z,apps/web/src/app/(main)/calendar/page.tsx,http://localhost:3000/calendar,http://demo.localhost:3000/calendar,http://admin.localhost:3000/calendar
page,/dashboard,/dashboard,http://localhost:3000/dashboard,redirect,false,307,Temporary Redirect,/login?next=%2Fdashboard,,,/login?next=%2Fdashboard,2026-05-01T09:43:18.795Z,apps/web/src/app/(main)/dashboard/page.tsx,http://localhost:3000/dashboard,http://demo.localhost:3000/dashboard,http://admin.localhost:3000/dashboard
page,/discount,/discount,http://localhost:3000/discount,redirect,false,307,Temporary Redirect,/login?next=%2Fdiscount,,,/login?next=%2Fdiscount,2026-05-01T09:43:18.800Z,apps/web/src/app/(main)/discount/page.tsx,http://localhost:3000/discount,http://demo.localhost:3000/discount,http://admin.localhost:3000/discount
page,/discount/scan,/discount/scan,http://localhost:3000/discount/scan,redirect,false,307,Temporary Redirect,/login?next=%2Fdiscount%2Fscan,,,/login?next=%2Fdiscount%2Fscan,2026-05-01T09:43:18.805Z,apps/web/src/app/(main)/discount/scan/page.tsx,http://localhost:3000/discount/scan,http://demo.localhost:3000/discount/scan,http://admin.localhost:3000/discount/scan
page,/finance,/finance,http://localhost:3000/finance,redirect,false,307,Temporary Redirect,/login?next=%2Ffinance,,,/login?next=%2Ffinance,2026-05-01T09:43:18.810Z,apps/web/src/app/(main)/finance/page.tsx,http://localhost:3000/finance,http://demo.localhost:3000/finance,http://admin.localhost:3000/finance
page,/finance/attendance-settings,/finance/attendance-settings,http://localhost:3000/finance/attendance-settings,redirect,false,307,Temporary Redirect,/login?next=%2Ffinance%2Fattendance-settings,,,/login?next=%2Ffinance%2Fattendance-settings,2026-05-01T09:43:18.814Z,apps/web/src/app/(main)/finance/attendance-settings/page.tsx,http://localhost:3000/finance/attendance-settings,http://demo.localhost:3000/finance/attendance-settings,http://admin.localhost:3000/finance/attendance-settings
page,/finance/timesheets,/finance/timesheets,http://localhost:3000/finance/timesheets,redirect,false,307,Temporary Redirect,/login?next=%2Ffinance%2Ftimesheets,,,/login?next=%2Ffinance%2Ftimesheets,2026-05-01T09:43:18.818Z,apps/web/src/app/(main)/finance/timesheets/page.tsx,http://localhost:3000/finance/timesheets,http://demo.localhost:3000/finance/timesheets,http://admin.localhost:3000/finance/timesheets
page,/finance/wagesheets,/finance/wagesheets,http://localhost:3000/finance/wagesheets,redirect,false,307,Temporary Redirect,/login?next=%2Ffinance%2Fwagesheets,,,/login?next=%2Ffinance%2Fwagesheets,2026-05-01T09:43:18.822Z,apps/web/src/app/(main)/finance/wagesheets/page.tsx,http://localhost:3000/finance/wagesheets,http://demo.localhost:3000/finance/wagesheets,http://admin.localhost:3000/finance/wagesheets
page,/forgot-password,/forgot-password,http://localhost:3000/forgot-password,error,false,0,,,,The operation was aborted due to timeout,,2026-05-01T09:43:18.826Z,apps/web/src/app/(auth)/forgot-password/page.tsx,http://localhost:3000/forgot-password,http://demo.localhost:3000/forgot-password,http://admin.localhost:3000/forgot-password
page,/founders,/founders,http://admin.localhost:3000/founders,redirect,false,307,Temporary Redirect,/login?next=%2Ffounders,,,/login?next=%2Ffounders,2026-05-01T09:43:30.832Z,apps/web/src/app/(founders)/founders/page.tsx,http://localhost:3000/founders,http://demo.localhost:3000/founders,http://admin.localhost:3000/founders
page,/hr,/hr,http://localhost:3000/hr,redirect,false,307,Temporary Redirect,/login?next=%2Fhr,,,/login?next=%2Fhr,2026-05-01T09:43:35.455Z,apps/web/src/app/(main)/hr/page.tsx,http://localhost:3000/hr,http://demo.localhost:3000/hr,http://admin.localhost:3000/hr
page,/hr/absence-reporting,/hr/absence-reporting,http://localhost:3000/hr/absence-reporting,redirect,false,307,Temporary Redirect,/login?next=%2Fhr%2Fabsence-reporting,,,/login?next=%2Fhr%2Fabsence-reporting,2026-05-01T09:43:35.539Z,apps/web/src/app/(main)/hr/absence-reporting/page.tsx,http://localhost:3000/hr/absence-reporting,http://demo.localhost:3000/hr/absence-reporting,http://admin.localhost:3000/hr/absence-reporting
page,/hr/applications,/hr/applications,http://localhost:3000/hr/applications,redirect,false,307,Temporary Redirect,/login?next=%2Fhr%2Fapplications,,,/login?next=%2Fhr%2Fapplications,2026-05-01T09:43:35.665Z,apps/web/src/app/(main)/hr/applications/page.tsx,http://localhost:3000/hr/applications,http://demo.localhost:3000/hr/applications,http://admin.localhost:3000/hr/applications
page,/hr/attendance-settings,/hr/attendance-settings,http://localhost:3000/hr/attendance-settings,redirect,false,308,Permanent Redirect,/finance/attendance-settings,,,/finance/attendance-settings,2026-05-01T09:43:35.919Z,apps/web/src/app/(main)/hr/attendance-settings/page.tsx,http://localhost:3000/hr/attendance-settings,http://demo.localhost:3000/hr/attendance-settings,http://admin.localhost:3000/hr/attendance-settings
page,/hr/custom-fields,/hr/custom-fields,http://localhost:3000/hr/custom-fields,redirect,false,307,Temporary Redirect,/login?next=%2Fhr%2Fcustom-fields,,,/login?next=%2Fhr%2Fcustom-fields,2026-05-01T09:43:35.920Z,apps/web/src/app/(main)/hr/custom-fields/page.tsx,http://localhost:3000/hr/custom-fields,http://demo.localhost:3000/hr/custom-fields,http://admin.localhost:3000/hr/custom-fields
page,/hr/finance,/hr/finance,http://localhost:3000/hr/finance,redirect,false,308,Permanent Redirect,/finance,,,/finance,2026-05-01T09:43:36.443Z,apps/web/src/app/(main)/hr/finance/page.tsx,http://localhost:3000/hr/finance,http://demo.localhost:3000/hr/finance,http://admin.localhost:3000/hr/finance
page,/hr/hiring,/hr/hiring,http://localhost:3000/hr/hiring,redirect,false,307,Temporary Redirect,/login?next=%2Fhr%2Fhiring,,,/login?next=%2Fhr%2Fhiring,2026-05-01T09:43:36.451Z,apps/web/src/app/(main)/hr/hiring/page.tsx,http://localhost:3000/hr/hiring,http://demo.localhost:3000/hr/hiring,http://admin.localhost:3000/hr/hiring
page,/hr/hiring/application-forms,/hr/hiring/application-forms,http://localhost:3000/hr/hiring/application-forms,redirect,false,307,Temporary Redirect,/login?next=%2Fhr%2Fhiring%2Fapplication-forms,,,/login?next=%2Fhr%2Fhiring%2Fapplication-forms,2026-05-01T09:43:40.606Z,apps/web/src/app/(main)/hr/hiring/application-forms/page.tsx,http://localhost:3000/hr/hiring/application-forms,http://demo.localhost:3000/hr/hiring/application-forms,http://admin.localhost:3000/hr/hiring/application-forms
page,/hr/hiring/application-forms/[id]/edit,/hr/hiring/application-forms/example/edit,http://localhost:3000/hr/hiring/application-forms/example/edit,redirect,false,307,Temporary Redirect,/login?next=%2Fhr%2Fhiring%2Fapplication-forms%2Fexample%2Fedit,,,/login?next=%2Fhr%2Fhiring%2Fapplication-forms%2Fexample%2Fedit,2026-05-01T09:43:44.131Z,apps/web/src/app/(main)/hr/hiring/application-forms/[id]/edit/page.tsx,http://localhost:3000/hr/hiring/application-forms/example/edit,http://demo.localhost:3000/hr/hiring/application-forms/example/edit,http://admin.localhost:3000/hr/hiring/application-forms/example/edit
page,/hr/hiring/application-forms/[id]/preview,/hr/hiring/application-forms/example/preview,http://localhost:3000/hr/hiring/application-forms/example/preview,redirect,false,307,Temporary Redirect,/login?next=%2Fhr%2Fhiring%2Fapplication-forms%2Fexample%2Fpreview,,,/login?next=%2Fhr%2Fhiring%2Fapplication-forms%2Fexample%2Fpreview,2026-05-01T09:43:45.800Z,apps/web/src/app/(main)/hr/hiring/application-forms/[id]/preview/page.tsx,http://localhost:3000/hr/hiring/application-forms/example/preview,http://demo.localhost:3000/hr/hiring/application-forms/example/preview,http://admin.localhost:3000/hr/hiring/application-forms/example/preview
page,/hr/hiring/applications,/hr/hiring/applications,http://localhost:3000/hr/hiring/applications,redirect,false,307,Temporary Redirect,/login?next=%2Fhr%2Fhiring%2Fapplications,,,/login?next=%2Fhr%2Fhiring%2Fapplications,2026-05-01T09:43:46.281Z,apps/web/src/app/(main)/hr/hiring/applications/page.tsx,http://localhost:3000/hr/hiring/applications,http://demo.localhost:3000/hr/hiring/applications,http://admin.localhost:3000/hr/hiring/applications
page,/hr/hiring/interviews,/hr/hiring/interviews,http://localhost:3000/hr/hiring/interviews,redirect,false,307,Temporary Redirect,/login?next=%2Fhr%2Fhiring%2Finterviews,,,/login?next=%2Fhr%2Fhiring%2Finterviews,2026-05-01T09:43:46.288Z,apps/web/src/app/(main)/hr/hiring/interviews/page.tsx,http://localhost:3000/hr/hiring/interviews,http://demo.localhost:3000/hr/hiring/interviews,http://admin.localhost:3000/hr/hiring/interviews
page,/hr/hiring/jobs,/hr/hiring/jobs,http://localhost:3000/hr/hiring/jobs,redirect,false,307,Temporary Redirect,/login?next=%2Fhr%2Fhiring%2Fjobs,,,/login?next=%2Fhr%2Fhiring%2Fjobs,2026-05-01T09:43:46.295Z,apps/web/src/app/(main)/hr/hiring/jobs/page.tsx,http://localhost:3000/hr/hiring/jobs,http://demo.localhost:3000/hr/hiring/jobs,http://admin.localhost:3000/hr/hiring/jobs
page,/hr/hiring/new-request,/hr/hiring/new-request,http://localhost:3000/hr/hiring/new-request,redirect,false,307,Temporary Redirect,/login?next=%2Fhr%2Fhiring%2Fnew-request,,,/login?next=%2Fhr%2Fhiring%2Fnew-request,2026-05-01T09:43:46.305Z,apps/web/src/app/(main)/hr/hiring/new-request/page.tsx,http://localhost:3000/hr/hiring/new-request,http://demo.localhost:3000/hr/hiring/new-request,http://admin.localhost:3000/hr/hiring/new-request
page,/hr/hiring/requests,/hr/hiring/requests,http://localhost:3000/hr/hiring/requests,redirect,false,307,Temporary Redirect,/login?next=%2Fhr%2Fhiring%2Frequests,,,/login?next=%2Fhr%2Fhiring%2Frequests,2026-05-01T09:43:46.313Z,apps/web/src/app/(main)/hr/hiring/requests/page.tsx,http://localhost:3000/hr/hiring/requests,http://demo.localhost:3000/hr/hiring/requests,http://admin.localhost:3000/hr/hiring/requests
page,/hr/hiring/requests/[id],/hr/hiring/requests/example,http://localhost:3000/hr/hiring/requests/example,redirect,false,307,Temporary Redirect,/login?next=%2Fhr%2Fhiring%2Frequests%2Fexample,,,/login?next=%2Fhr%2Fhiring%2Frequests%2Fexample,2026-05-01T09:43:46.320Z,apps/web/src/app/(main)/hr/hiring/requests/[id]/page.tsx,http://localhost:3000/hr/hiring/requests/example,http://demo.localhost:3000/hr/hiring/requests/example,http://admin.localhost:3000/hr/hiring/requests/example
page,/hr/hiring/templates,/hr/hiring/templates,http://localhost:3000/hr/hiring/templates,redirect,false,307,Temporary Redirect,/login?next=%2Fhr%2Fhiring%2Ftemplates,,,/login?next=%2Fhr%2Fhiring%2Ftemplates,2026-05-01T09:43:46.327Z,apps/web/src/app/(main)/hr/hiring/templates/page.tsx,http://localhost:3000/hr/hiring/templates,http://demo.localhost:3000/hr/hiring/templates,http://admin.localhost:3000/hr/hiring/templates
page,/hr/hr-metric-alerts,/hr/hr-metric-alerts,http://localhost:3000/hr/hr-metric-alerts,redirect,false,307,Temporary Redirect,/login?next=%2Fhr%2Fhr-metric-alerts,,,/login?next=%2Fhr%2Fhr-metric-alerts,2026-05-01T09:43:46.337Z,apps/web/src/app/(main)/hr/hr-metric-alerts/page.tsx,http://localhost:3000/hr/hr-metric-alerts,http://demo.localhost:3000/hr/hr-metric-alerts,http://admin.localhost:3000/hr/hr-metric-alerts
page,/hr/interviews,/hr/interviews,http://localhost:3000/hr/interviews,redirect,false,307,Temporary Redirect,/login?next=%2Fhr%2Finterviews,,,/login?next=%2Fhr%2Finterviews,2026-05-01T09:43:46.344Z,apps/web/src/app/(main)/hr/interviews/page.tsx,http://localhost:3000/hr/interviews,http://demo.localhost:3000/hr/interviews,http://admin.localhost:3000/hr/interviews
page,/hr/jobs,/hr/jobs,http://localhost:3000/hr/jobs,redirect,false,307,Temporary Redirect,/login?next=%2Fhr%2Fjobs,,,/login?next=%2Fhr%2Fjobs,2026-05-01T09:43:46.354Z,apps/web/src/app/(main)/hr/jobs/page.tsx,http://localhost:3000/hr/jobs,http://demo.localhost:3000/hr/jobs,http://admin.localhost:3000/hr/jobs
page,/hr/jobs/[id]/admin-legal,/hr/jobs/example/admin-legal,http://localhost:3000/hr/jobs/example/admin-legal,redirect,false,307,Temporary Redirect,/login?next=%2Fhr%2Fjobs%2Fexample%2Fadmin-legal,,,/login?next=%2Fhr%2Fjobs%2Fexample%2Fadmin-legal,2026-05-01T09:43:46.364Z,apps/web/src/app/(main)/hr/jobs/[id]/admin-legal/page.tsx,http://localhost:3000/hr/jobs/example/admin-legal,http://demo.localhost:3000/hr/jobs/example/admin-legal,http://admin.localhost:3000/hr/jobs/example/admin-legal
page,/hr/jobs/[id]/applications,/hr/jobs/example/applications,http://localhost:3000/hr/jobs/example/applications,redirect,false,307,Temporary Redirect,/login?next=%2Fhr%2Fjobs%2Fexample%2Fapplications,,,/login?next=%2Fhr%2Fjobs%2Fexample%2Fapplications,2026-05-01T09:43:46.396Z,apps/web/src/app/(main)/hr/jobs/[id]/applications/page.tsx,http://localhost:3000/hr/jobs/example/applications,http://demo.localhost:3000/hr/jobs/example/applications,http://admin.localhost:3000/hr/jobs/example/applications
page,/hr/jobs/[id]/edit,/hr/jobs/example/edit,http://localhost:3000/hr/jobs/example/edit,redirect,false,307,Temporary Redirect,/login?next=%2Fhr%2Fjobs%2Fexample%2Fedit,,,/login?next=%2Fhr%2Fjobs%2Fexample%2Fedit,2026-05-01T09:43:46.410Z,apps/web/src/app/(main)/hr/jobs/[id]/edit/page.tsx,http://localhost:3000/hr/jobs/example/edit,http://demo.localhost:3000/hr/jobs/example/edit,http://admin.localhost:3000/hr/jobs/example/edit
page,/hr/jobs/[id]/preview,/hr/jobs/example/preview,http://localhost:3000/hr/jobs/example/preview,redirect,false,307,Temporary Redirect,/login?next=%2Fhr%2Fjobs%2Fexample%2Fpreview,,,/login?next=%2Fhr%2Fjobs%2Fexample%2Fpreview,2026-05-01T09:43:46.782Z,apps/web/src/app/(main)/hr/jobs/[id]/preview/page.tsx,http://localhost:3000/hr/jobs/example/preview,http://demo.localhost:3000/hr/jobs/example/preview,http://admin.localhost:3000/hr/jobs/example/preview
page,/hr/leave,/hr/leave,http://localhost:3000/hr/leave,redirect,false,307,Temporary Redirect,/login?next=%2Fhr%2Fleave,,,/login?next=%2Fhr%2Fleave,2026-05-01T09:43:46.791Z,apps/web/src/app/(main)/hr/leave/page.tsx,http://localhost:3000/hr/leave,http://demo.localhost:3000/hr/leave,http://admin.localhost:3000/hr/leave
page,/hr/offer-templates,/hr/offer-templates,http://localhost:3000/hr/offer-templates,redirect,false,307,Temporary Redirect,/login?next=%2Fhr%2Foffer-templates,,,/login?next=%2Fhr%2Foffer-templates,2026-05-01T09:43:46.800Z,apps/web/src/app/(main)/hr/offer-templates/page.tsx,http://localhost:3000/hr/offer-templates,http://demo.localhost:3000/hr/offer-templates,http://admin.localhost:3000/hr/offer-templates
page,/hr/offer-templates/[id]/edit,/hr/offer-templates/example/edit,http://localhost:3000/hr/offer-templates/example/edit,redirect,false,307,Temporary Redirect,/login?next=%2Fhr%2Foffer-templates%2Fexample%2Fedit,,,/login?next=%2Fhr%2Foffer-templates%2Fexample%2Fedit,2026-05-01T09:43:46.810Z,apps/web/src/app/(main)/hr/offer-templates/[id]/edit/page.tsx,http://localhost:3000/hr/offer-templates/example/edit,http://demo.localhost:3000/hr/offer-templates/example/edit,http://admin.localhost:3000/hr/offer-templates/example/edit
page,/hr/offer-templates/new,/hr/offer-templates/new,http://localhost:3000/hr/offer-templates/new,redirect,false,307,Temporary Redirect,/login?next=%2Fhr%2Foffer-templates%2Fnew,,,/login?next=%2Fhr%2Foffer-templates%2Fnew,2026-05-01T09:43:46.816Z,apps/web/src/app/(main)/hr/offer-templates/new/page.tsx,http://localhost:3000/hr/offer-templates/new,http://demo.localhost:3000/hr/offer-templates/new,http://admin.localhost:3000/hr/offer-templates/new
page,/hr/onboarding,/hr/onboarding,http://localhost:3000/hr/onboarding,redirect,false,307,Temporary Redirect,/login?next=%2Fhr%2Fonboarding,,,/login?next=%2Fhr%2Fonboarding,2026-05-01T09:43:46.824Z,apps/web/src/app/(main)/hr/onboarding/page.tsx,http://localhost:3000/hr/onboarding,http://demo.localhost:3000/hr/onboarding,http://admin.localhost:3000/hr/onboarding
page,/hr/onboarding/[runId],/hr/onboarding/example,http://localhost:3000/hr/onboarding/example,redirect,false,307,Temporary Redirect,/login?next=%2Fhr%2Fonboarding%2Fexample,,,/login?next=%2Fhr%2Fonboarding%2Fexample,2026-05-01T09:43:46.829Z,apps/web/src/app/(main)/hr/onboarding/[runId]/page.tsx,http://localhost:3000/hr/onboarding/example,http://demo.localhost:3000/hr/onboarding/example,http://admin.localhost:3000/hr/onboarding/example
page,/hr/one-on-ones,/hr/one-on-ones,http://localhost:3000/hr/one-on-ones,redirect,false,307,Temporary Redirect,/login?next=%2Fhr%2Fone-on-ones,,,/login?next=%2Fhr%2Fone-on-ones,2026-05-01T09:43:46.836Z,apps/web/src/app/(main)/hr/one-on-ones/page.tsx,http://localhost:3000/hr/one-on-ones,http://demo.localhost:3000/hr/one-on-ones,http://admin.localhost:3000/hr/one-on-ones
page,/hr/org-chart,/hr/org-chart,http://localhost:3000/hr/org-chart,redirect,false,307,Temporary Redirect,/login?next=%2Fhr%2Forg-chart,,,/login?next=%2Fhr%2Forg-chart,2026-05-01T09:43:46.842Z,apps/web/src/app/(main)/hr/org-chart/page.tsx,http://localhost:3000/hr/org-chart,http://demo.localhost:3000/hr/org-chart,http://admin.localhost:3000/hr/org-chart
page,/hr/performance,/hr/performance,http://localhost:3000/hr/performance,redirect,false,307,Temporary Redirect,/login?next=%2Fhr%2Fperformance,,,/login?next=%2Fhr%2Fperformance,2026-05-01T09:43:46.846Z,apps/web/src/app/(main)/hr/performance/page.tsx,http://localhost:3000/hr/performance,http://demo.localhost:3000/hr/performance,http://admin.localhost:3000/hr/performance
page,/hr/performance/[cycleId],/hr/performance/example,http://localhost:3000/hr/performance/example,redirect,false,307,Temporary Redirect,/login?next=%2Fhr%2Fperformance%2Fexample,,,/login?next=%2Fhr%2Fperformance%2Fexample,2026-05-01T09:43:46.853Z,apps/web/src/app/(main)/hr/performance/[cycleId]/page.tsx,http://localhost:3000/hr/performance/example,http://demo.localhost:3000/hr/performance/example,http://admin.localhost:3000/hr/performance/example
page,/hr/records,/hr/records,http://localhost:3000/hr/records,redirect,false,307,Temporary Redirect,/login?next=%2Fhr%2Frecords,,,/login?next=%2Fhr%2Frecords,2026-05-01T09:43:46.858Z,apps/web/src/app/(main)/hr/records/page.tsx,http://localhost:3000/hr/records,http://demo.localhost:3000/hr/records,http://admin.localhost:3000/hr/records
page,/hr/records/[userId],/hr/records/example,http://localhost:3000/hr/records/example,redirect,false,307,Temporary Redirect,/login?next=%2Fhr%2Frecords%2Fexample,,,/login?next=%2Fhr%2Frecords%2Fexample,2026-05-01T09:43:46.865Z,apps/web/src/app/(main)/hr/records/[userId]/page.tsx,http://localhost:3000/hr/records/example,http://demo.localhost:3000/hr/records/example,http://admin.localhost:3000/hr/records/example
page,/hr/recruitment,/hr/recruitment,http://localhost:3000/hr/recruitment,redirect,false,308,Permanent Redirect,/hr/hiring/requests,,,/hr/hiring/requests,2026-05-01T09:43:46.872Z,apps/web/src/app/(main)/hr/recruitment/page.tsx,http://localhost:3000/hr/recruitment,http://demo.localhost:3000/hr/recruitment,http://admin.localhost:3000/hr/recruitment
page,/hr/timesheets,/hr/timesheets,http://localhost:3000/hr/timesheets,redirect,false,308,Permanent Redirect,/finance/timesheets,,,/finance/timesheets,2026-05-01T09:43:46.873Z,apps/web/src/app/(main)/hr/timesheets/page.tsx,http://localhost:3000/hr/timesheets,http://demo.localhost:3000/hr/timesheets,http://admin.localhost:3000/hr/timesheets
page,/hr/wagesheets,/hr/wagesheets,http://localhost:3000/hr/wagesheets,redirect,false,308,Permanent Redirect,/finance/wagesheets,,,/finance/wagesheets,2026-05-01T09:43:46.874Z,apps/web/src/app/(main)/hr/wagesheets/page.tsx,http://localhost:3000/hr/wagesheets,http://demo.localhost:3000/hr/wagesheets,http://admin.localhost:3000/hr/wagesheets
page,/jobs,/jobs,http://demo.localhost:3000/jobs,error,false,0,,,,The operation was aborted due to timeout,,2026-05-01T09:43:46.874Z,apps/web/src/app/(public)/jobs/page.tsx,http://localhost:3000/jobs,http://demo.localhost:3000/jobs,http://admin.localhost:3000/jobs
page,/jobs/[slug],/jobs/example,http://demo.localhost:3000/jobs/example,error,false,0,,,,The operation was aborted due to timeout,,2026-05-01T09:43:58.880Z,apps/web/src/app/(public)/jobs/[slug]/page.tsx,http://localhost:3000/jobs/example,http://demo.localhost:3000/jobs/example,http://admin.localhost:3000/jobs/example
page,/jobs/[slug]/apply,/jobs/example/apply,http://demo.localhost:3000/jobs/example/apply,error,false,0,,,,The operation was aborted due to timeout,,2026-05-01T09:44:10.887Z,apps/web/src/app/(public)/jobs/[slug]/apply/page.tsx,http://localhost:3000/jobs/example/apply,http://demo.localhost:3000/jobs/example/apply,http://admin.localhost:3000/jobs/example/apply
page,/jobs/forgot-password,/jobs/forgot-password,http://demo.localhost:3000/jobs/forgot-password,accessDenied,true,200,OK,,text/html; charset=utf-8,,"<!DOCTYPE html><html lang=""en""><head><meta charSet=""utf-8""/><meta name=""viewport"" content=""width=device-width, initial-scale=1""/><link rel=""stylesheet"" href=""/_next/static/css/app/layout.css?v=1777628669178"" data-precede",2026-05-01T09:44:22.891Z,apps/web/src/app/(public)/jobs/forgot-password/page.tsx,http://localhost:3000/jobs/forgot-password,http://demo.localhost:3000/jobs/forgot-password,http://admin.localhost:3000/jobs/forgot-password
page,/jobs/login,/jobs/login,http://demo.localhost:3000/jobs/login,accessDenied,true,200,OK,,text/html; charset=utf-8,,"<!DOCTYPE html><html lang=""en""><head><meta charSet=""utf-8""/><meta name=""viewport"" content=""width=device-width, initial-scale=1""/><link rel=""stylesheet"" href=""/_next/static/css/app/layout.css?v=1777628670068"" data-precede",2026-05-01T09:44:29.738Z,apps/web/src/app/(public)/jobs/login/page.tsx,http://localhost:3000/jobs/login,http://demo.localhost:3000/jobs/login,http://admin.localhost:3000/jobs/login
page,/jobs/me,/jobs/me,http://demo.localhost:3000/jobs/me,accessDenied,false,307,Temporary Redirect,/jobs/login?next=%2Fjobs%2Fme,text/html; charset=utf-8,,"<!DOCTYPE html><html id=""__next_error__""><head><meta charSet=""utf-8""/><meta name=""viewport"" content=""width=device-width, initial-scale=1""/><link rel=""preload"" as=""script"" fetchPriority=""low"" href=""/_next/static/chunks/we",2026-05-01T09:44:30.490Z,apps/web/src/app/(public)/jobs/me/page.tsx,http://localhost:3000/jobs/me,http://demo.localhost:3000/jobs/me,http://admin.localhost:3000/jobs/me
page,/jobs/me/[applicationId],/jobs/me/example,http://demo.localhost:3000/jobs/me/example,accessDenied,false,404,Not Found,,text/html; charset=utf-8,,"<!DOCTYPE html><html id=""__next_error__""><head><meta charSet=""utf-8""/><meta name=""viewport"" content=""width=device-width, initial-scale=1""/><link rel=""preload"" as=""script"" fetchPriority=""low"" href=""/_next/static/chunks/we",2026-05-01T09:44:32.572Z,apps/web/src/app/(public)/jobs/me/[applicationId]/page.tsx,http://localhost:3000/jobs/me/example,http://demo.localhost:3000/jobs/me/example,http://admin.localhost:3000/jobs/me/example
page,/jobs/me/profile,/jobs/me/profile,http://demo.localhost:3000/jobs/me/profile,accessDenied,false,307,Temporary Redirect,/jobs/login?next=%2Fjobs%2Fme%2Fprofile,text/html; charset=utf-8,,"<!DOCTYPE html><html id=""__next_error__""><head><meta charSet=""utf-8""/><meta name=""viewport"" content=""width=device-width, initial-scale=1""/><link rel=""preload"" as=""script"" fetchPriority=""low"" href=""/_next/static/chunks/we",2026-05-01T09:44:32.968Z,apps/web/src/app/(public)/jobs/me/profile/page.tsx,http://localhost:3000/jobs/me/profile,http://demo.localhost:3000/jobs/me/profile,http://admin.localhost:3000/jobs/me/profile
page,/jobs/offer-sign/[token],/jobs/offer-sign/example,http://demo.localhost:3000/jobs/offer-sign/example,accessDenied,false,404,Not Found,,text/html; charset=utf-8,,"<!DOCTYPE html><html id=""__next_error__""><head><meta charSet=""utf-8""/><meta name=""viewport"" content=""width=device-width, initial-scale=1""/><link rel=""preload"" as=""script"" fetchPriority=""low"" href=""/_next/static/chunks/we",2026-05-01T09:44:35.045Z,apps/web/src/app/(public)/jobs/offer-sign/[token]/page.tsx,http://localhost:3000/jobs/offer-sign/example,http://demo.localhost:3000/jobs/offer-sign/example,http://admin.localhost:3000/jobs/offer-sign/example
page,/jobs/register,/jobs/register,http://demo.localhost:3000/jobs/register,accessDenied,true,200,OK,,text/html; charset=utf-8,,"<!DOCTYPE html><html lang=""en""><head><meta charSet=""utf-8""/><meta name=""viewport"" content=""width=device-width, initial-scale=1""/><link rel=""stylesheet"" href=""/_next/static/css/app/layout.css?v=1777628682678"" data-precede",2026-05-01T09:44:36.563Z,apps/web/src/app/(public)/jobs/register/page.tsx,http://localhost:3000/jobs/register,http://demo.localhost:3000/jobs/register,http://admin.localhost:3000/jobs/register
page,/jobs/status/[token],/jobs/status/example,http://demo.localhost:3000/jobs/status/example,accessDenied,false,404,Not Found,,text/html; charset=utf-8,,"<!DOCTYPE html><html id=""__next_error__""><head><meta charSet=""utf-8""/><meta name=""viewport"" content=""width=device-width, initial-scale=1""/><link rel=""preload"" as=""script"" fetchPriority=""low"" href=""/_next/static/chunks/we",2026-05-01T09:44:43.249Z,apps/web/src/app/(public)/jobs/status/[token]/page.tsx,http://localhost:3000/jobs/status/example,http://demo.localhost:3000/jobs/status/example,http://admin.localhost:3000/jobs/status/example
api,/jobs/status/new/[applicationId],/jobs/status/new/example,http://demo.localhost:3000/jobs/status/new/example,redirect,false,307,Temporary Redirect,http://localhost:3000/jobs/me,,,,2026-05-01T09:44:44.157Z,apps/web/src/app/(public)/jobs/status/new/[applicationId]/route.ts,http://localhost:3000/jobs/status/new/example,http://demo.localhost:3000/jobs/status/new/example,http://admin.localhost:3000/jobs/status/new/example
page,/leave,/leave,http://localhost:3000/leave,redirect,false,307,Temporary Redirect,/login?next=%2Fleave,,,/login?next=%2Fleave,2026-05-01T09:44:44.637Z,apps/web/src/app/(main)/leave/page.tsx,http://localhost:3000/leave,http://demo.localhost:3000/leave,http://admin.localhost:3000/leave
page,/legal/data-processing,/legal/data-processing,http://localhost:3000/legal/data-processing,accessDenied,true,200,OK,,text/html; charset=utf-8,,"<!DOCTYPE html><html lang=""en""><head><meta charSet=""utf-8""/><meta name=""viewport"" content=""width=device-width, initial-scale=1""/><link rel=""stylesheet"" href=""/_next/static/css/app/layout.css?v=1777628689841"" data-precede",2026-05-01T09:44:44.643Z,apps/web/src/app/legal/data-processing/page.tsx,http://localhost:3000/legal/data-processing,http://demo.localhost:3000/legal/data-processing,http://admin.localhost:3000/legal/data-processing
page,/login,/login,http://localhost:3000/login,accessDenied,true,200,OK,,text/html; charset=utf-8,,"<!DOCTYPE html><html lang=""en""><head><meta charSet=""utf-8""/><meta name=""viewport"" content=""width=device-width, initial-scale=1""/><link rel=""stylesheet"" href=""/_next/static/css/app/layout.css?v=1777628692752"" data-precede",2026-05-01T09:44:51.488Z,apps/web/src/app/(auth)/login/page.tsx,http://localhost:3000/login,http://demo.localhost:3000/login,http://admin.localhost:3000/login
page,/maintenance,/maintenance,http://localhost:3000/maintenance,redirect,false,307,Temporary Redirect,/login?next=%2Fmaintenance,,,/login?next=%2Fmaintenance,2026-05-01T09:44:52.989Z,apps/web/src/app/(main)/maintenance/page.tsx,http://localhost:3000/maintenance,http://demo.localhost:3000/maintenance,http://admin.localhost:3000/maintenance
page,/manager,/manager,http://localhost:3000/manager,redirect,false,307,Temporary Redirect,/login?next=%2Fmanager,,,/login?next=%2Fmanager,2026-05-01T09:44:53.019Z,apps/web/src/app/(main)/manager/page.tsx,http://localhost:3000/manager,http://demo.localhost:3000/manager,http://admin.localhost:3000/manager
page,/manager/departments,/manager/departments,http://localhost:3000/manager/departments,redirect,false,307,Temporary Redirect,/login?next=%2Fmanager%2Fdepartments,,,/login?next=%2Fmanager%2Fdepartments,2026-05-01T09:44:53.024Z,apps/web/src/app/(main)/manager/departments/page.tsx,http://localhost:3000/manager/departments,http://demo.localhost:3000/manager/departments,http://admin.localhost:3000/manager/departments
page,/manager/org-chart,/manager/org-chart,http://localhost:3000/manager/org-chart,redirect,false,307,Temporary Redirect,/login?next=%2Fmanager%2Forg-chart,,,/login?next=%2Fmanager%2Forg-chart,2026-05-01T09:44:53.028Z,apps/web/src/app/(main)/manager/org-chart/page.tsx,http://localhost:3000/manager/org-chart,http://demo.localhost:3000/manager/org-chart,http://admin.localhost:3000/manager/org-chart
page,/manager/recruitment,/manager/recruitment,http://localhost:3000/manager/recruitment,redirect,false,307,Temporary Redirect,/login?next=%2Fmanager%2Frecruitment,,,/login?next=%2Fmanager%2Frecruitment,2026-05-01T09:44:53.032Z,apps/web/src/app/(main)/manager/recruitment/page.tsx,http://localhost:3000/manager/recruitment,http://demo.localhost:3000/manager/recruitment,http://admin.localhost:3000/manager/recruitment
page,/manager/sub-teams,/manager/sub-teams,http://localhost:3000/manager/sub-teams,redirect,false,307,Temporary Redirect,/login?next=%2Fmanager%2Fsub-teams,,,/login?next=%2Fmanager%2Fsub-teams,2026-05-01T09:44:53.037Z,apps/web/src/app/(main)/manager/sub-teams/page.tsx,http://localhost:3000/manager/sub-teams,http://demo.localhost:3000/manager/sub-teams,http://admin.localhost:3000/manager/sub-teams
page,/manager/system-overview,/manager/system-overview,http://localhost:3000/manager/system-overview,redirect,false,307,Temporary Redirect,/login?next=%2Fmanager%2Fsystem-overview,,,/login?next=%2Fmanager%2Fsystem-overview,2026-05-01T09:44:53.042Z,apps/web/src/app/(main)/manager/system-overview/page.tsx,http://localhost:3000/manager/system-overview,http://demo.localhost:3000/manager/system-overview,http://admin.localhost:3000/manager/system-overview
page,/manager/teams,/manager/teams,http://localhost:3000/manager/teams,redirect,false,307,Temporary Redirect,/login?next=%2Fmanager%2Fteams,,,/login?next=%2Fmanager%2Fteams,2026-05-01T09:44:53.047Z,apps/web/src/app/(main)/manager/teams/page.tsx,http://localhost:3000/manager/teams,http://demo.localhost:3000/manager/teams,http://admin.localhost:3000/manager/teams
page,/notifications/applications,/notifications/applications,http://localhost:3000/notifications/applications,redirect,false,307,Temporary Redirect,/login?next=%2Fnotifications%2Fapplications,,,/login?next=%2Fnotifications%2Fapplications,2026-05-01T09:44:53.052Z,apps/web/src/app/(main)/notifications/applications/page.tsx,http://localhost:3000/notifications/applications,http://demo.localhost:3000/notifications/applications,http://admin.localhost:3000/notifications/applications
page,/notifications/calendar,/notifications/calendar,http://localhost:3000/notifications/calendar,redirect,false,307,Temporary Redirect,/login?next=%2Fnotifications%2Fcalendar,,,/login?next=%2Fnotifications%2Fcalendar,2026-05-01T09:44:53.061Z,apps/web/src/app/(main)/notifications/calendar/page.tsx,http://localhost:3000/notifications/calendar,http://demo.localhost:3000/notifications/calendar,http://admin.localhost:3000/notifications/calendar
page,/notifications/hr-metrics,/notifications/hr-metrics,http://localhost:3000/notifications/hr-metrics,redirect,false,307,Temporary Redirect,/login?next=%2Fnotifications%2Fhr-metrics,,,/login?next=%2Fnotifications%2Fhr-metrics,2026-05-01T09:44:53.066Z,apps/web/src/app/(main)/notifications/hr-metrics/page.tsx,http://localhost:3000/notifications/hr-metrics,http://demo.localhost:3000/notifications/hr-metrics,http://admin.localhost:3000/notifications/hr-metrics
page,/notifications/leave,/notifications/leave,http://localhost:3000/notifications/leave,redirect,false,307,Temporary Redirect,/login?next=%2Fnotifications%2Fleave,,,/login?next=%2Fnotifications%2Fleave,2026-05-01T09:44:53.072Z,apps/web/src/app/(main)/notifications/leave/page.tsx,http://localhost:3000/notifications/leave,http://demo.localhost:3000/notifications/leave,http://admin.localhost:3000/notifications/leave
page,/notifications/recruitment,/notifications/recruitment,http://localhost:3000/notifications/recruitment,redirect,false,307,Temporary Redirect,/login?next=%2Fnotifications%2Frecruitment,,,/login?next=%2Fnotifications%2Frecruitment,2026-05-01T09:44:53.080Z,apps/web/src/app/(main)/notifications/recruitment/page.tsx,http://localhost:3000/notifications/recruitment,http://demo.localhost:3000/notifications/recruitment,http://admin.localhost:3000/notifications/recruitment
page,/onboarding,/onboarding,http://localhost:3000/onboarding,redirect,false,307,Temporary Redirect,/login?next=%2Fonboarding,,,/login?next=%2Fonboarding,2026-05-01T09:44:53.084Z,apps/web/src/app/(main)/onboarding/page.tsx,http://localhost:3000/onboarding,http://demo.localhost:3000/onboarding,http://admin.localhost:3000/onboarding
page,/one-on-ones,/one-on-ones,http://localhost:3000/one-on-ones,redirect,false,307,Temporary Redirect,/login?next=%2Fone-on-ones,,,/login?next=%2Fone-on-ones,2026-05-01T09:44:53.090Z,apps/web/src/app/(main)/one-on-ones/page.tsx,http://localhost:3000/one-on-ones,http://demo.localhost:3000/one-on-ones,http://admin.localhost:3000/one-on-ones
page,/one-on-ones/[meetingId],/one-on-ones/example,http://localhost:3000/one-on-ones/example,redirect,false,307,Temporary Redirect,/login?next=%2Fone-on-ones%2Fexample,,,/login?next=%2Fone-on-ones%2Fexample,2026-05-01T09:44:53.096Z,apps/web/src/app/(main)/one-on-ones/[meetingId]/page.tsx,http://localhost:3000/one-on-ones/example,http://demo.localhost:3000/one-on-ones/example,http://admin.localhost:3000/one-on-ones/example
page,/org-locked,/org-locked,http://localhost:3000/org-locked,redirect,false,307,Temporary Redirect,/login?next=%2Forg-locked,,,/login?next=%2Forg-locked,2026-05-01T09:44:53.102Z,apps/web/src/app/(main)/org-locked/page.tsx,http://localhost:3000/org-locked,http://demo.localhost:3000/org-locked,http://admin.localhost:3000/org-locked
page,/pending,/pending,http://localhost:3000/pending,redirect,false,307,Temporary Redirect,/login?next=%2Fpending,,,/login?next=%2Fpending,2026-05-01T09:44:53.109Z,apps/web/src/app/(main)/pending/page.tsx,http://localhost:3000/pending,http://demo.localhost:3000/pending,http://admin.localhost:3000/pending
page,/pending-approvals,/pending-approvals,http://localhost:3000/pending-approvals,redirect,false,307,Temporary Redirect,/login?next=%2Fpending-approvals,,,/login?next=%2Fpending-approvals,2026-05-01T09:44:53.122Z,apps/web/src/app/(main)/pending-approvals/page.tsx,http://localhost:3000/pending-approvals,http://demo.localhost:3000/pending-approvals,http://admin.localhost:3000/pending-approvals
page,/performance,/performance,http://localhost:3000/performance,redirect,false,307,Temporary Redirect,/login?next=%2Fperformance,,,/login?next=%2Fperformance,2026-05-01T09:44:53.156Z,apps/web/src/app/(main)/performance/page.tsx,http://localhost:3000/performance,http://demo.localhost:3000/performance,http://admin.localhost:3000/performance
page,/performance/[reviewId],/performance/example,http://localhost:3000/performance/example,redirect,false,307,Temporary Redirect,/login?next=%2Fperformance%2Fexample,,,/login?next=%2Fperformance%2Fexample,2026-05-01T09:44:53.177Z,apps/web/src/app/(main)/performance/[reviewId]/page.tsx,http://localhost:3000/performance/example,http://demo.localhost:3000/performance/example,http://admin.localhost:3000/performance/example
page,/privacy,/privacy,http://localhost:3000/privacy,accessDenied,true,200,OK,,text/html; charset=utf-8,,"<!DOCTYPE html><html lang=""en""><head><meta charSet=""utf-8""/><meta name=""viewport"" content=""width=device-width, initial-scale=1""/><link rel=""stylesheet"" href=""/_next/static/css/app/layout.css?v=1777628693972"" data-precede",2026-05-01T09:44:53.196Z,apps/web/src/app/privacy/page.tsx,http://localhost:3000/privacy,http://demo.localhost:3000/privacy,http://admin.localhost:3000/privacy
page,/profile,/profile,http://localhost:3000/profile,redirect,false,307,Temporary Redirect,/login?next=%2Fprofile,,,/login?next=%2Fprofile,2026-05-01T09:44:54.345Z,apps/web/src/app/(main)/profile/page.tsx,http://localhost:3000/profile,http://demo.localhost:3000/profile,http://admin.localhost:3000/profile
page,/profile/hr,/profile/hr,http://localhost:3000/profile/hr,redirect,false,307,Temporary Redirect,/login?next=%2Fprofile%2Fhr,,,/login?next=%2Fprofile%2Fhr,2026-05-01T09:44:54.349Z,apps/web/src/app/(main)/profile/hr/page.tsx,http://localhost:3000/profile/hr,http://demo.localhost:3000/profile/hr,http://admin.localhost:3000/profile/hr
page,/register,/register,http://localhost:3000/register,accessDenied,true,200,OK,,text/html; charset=utf-8,,"<!DOCTYPE html><html lang=""en""><head><meta charSet=""utf-8""/><meta name=""viewport"" content=""width=device-width, initial-scale=1""/><link rel=""stylesheet"" href=""/_next/static/css/app/layout.css?v=1777628694838"" data-precede",2026-05-01T09:44:54.353Z,apps/web/src/app/(auth)/register/page.tsx,http://localhost:3000/register,http://demo.localhost:3000/register,http://admin.localhost:3000/register
page,/register/done,/register/done,http://localhost:3000/register/done,accessDenied,true,200,OK,,text/html; charset=utf-8,,"<!DOCTYPE html><html lang=""en""><head><meta charSet=""utf-8""/><meta name=""viewport"" content=""width=device-width, initial-scale=1""/><link rel=""stylesheet"" href=""/_next/static/css/app/layout.css?v=1777628699418"" data-precede",2026-05-01T09:44:55.224Z,apps/web/src/app/(auth)/register/done/page.tsx,http://localhost:3000/register/done,http://demo.localhost:3000/register/done,http://admin.localhost:3000/register/done
page,/reports,/reports,http://localhost:3000/reports,redirect,false,307,Temporary Redirect,/login?next=%2Freports,,,/login?next=%2Freports,2026-05-01T09:44:59.556Z,apps/web/src/app/(main)/reports/page.tsx,http://localhost:3000/reports,http://demo.localhost:3000/reports,http://admin.localhost:3000/reports
page,/resources,/resources,http://localhost:3000/resources,redirect,false,307,Temporary Redirect,/login?next=%2Fresources,,,/login?next=%2Fresources,2026-05-01T09:44:59.569Z,apps/web/src/app/(main)/resources/page.tsx,http://localhost:3000/resources,http://demo.localhost:3000/resources,http://admin.localhost:3000/resources
page,/resources/[id],/resources/example,http://localhost:3000/resources/example,redirect,false,307,Temporary Redirect,/login?next=%2Fresources%2Fexample,,,/login?next=%2Fresources%2Fexample,2026-05-01T09:44:59.573Z,apps/web/src/app/(main)/resources/[id]/page.tsx,http://localhost:3000/resources/example,http://demo.localhost:3000/resources/example,http://admin.localhost:3000/resources/example
page,/resources/new,/resources/new,http://localhost:3000/resources/new,redirect,false,307,Temporary Redirect,/login?next=%2Fresources%2Fnew,,,/login?next=%2Fresources%2Fnew,2026-05-01T09:44:59.578Z,apps/web/src/app/(main)/resources/new/page.tsx,http://localhost:3000/resources/new,http://demo.localhost:3000/resources/new,http://admin.localhost:3000/resources/new
page,/rota,/rota,http://localhost:3000/rota,redirect,false,307,Temporary Redirect,/login?next=%2Frota,,,/login?next=%2Frota,2026-05-01T09:44:59.582Z,apps/web/src/app/(main)/rota/page.tsx,http://localhost:3000/rota,http://demo.localhost:3000/rota,http://admin.localhost:3000/rota
page,/session-choice,/session-choice,http://localhost:3000/session-choice,redirect,false,307,Temporary Redirect,/login?next=%2Fsession-choice,,,/login?next=%2Fsession-choice,2026-05-01T09:44:59.586Z,apps/web/src/app/session-choice/page.tsx,http://localhost:3000/session-choice,http://demo.localhost:3000/session-choice,http://admin.localhost:3000/session-choice
page,/settings,/settings,http://localhost:3000/settings,redirect,false,307,Temporary Redirect,/login?next=%2Fsettings,,,/login?next=%2Fsettings,2026-05-01T09:44:59.590Z,apps/web/src/app/(main)/settings/page.tsx,http://localhost:3000/settings,http://demo.localhost:3000/settings,http://admin.localhost:3000/settings
page,/settings/discount-tiers,/settings/discount-tiers,http://localhost:3000/settings/discount-tiers,redirect,false,307,Temporary Redirect,/login?next=%2Fsettings%2Fdiscount-tiers,,,/login?next=%2Fsettings%2Fdiscount-tiers,2026-05-01T09:44:59.594Z,apps/web/src/app/(main)/settings/discount-tiers/page.tsx,http://localhost:3000/settings/discount-tiers,http://demo.localhost:3000/settings/discount-tiers,http://admin.localhost:3000/settings/discount-tiers
page,/subscription-suspended,/subscription-suspended,http://localhost:3000/subscription-suspended,redirect,false,307,Temporary Redirect,/login?next=%2Fsubscription-suspended,,,/login?next=%2Fsubscription-suspended,2026-05-01T09:44:59.597Z,apps/web/src/app/(main)/subscription-suspended/page.tsx,http://localhost:3000/subscription-suspended,http://demo.localhost:3000/subscription-suspended,http://admin.localhost:3000/subscription-suspended
page,/terms,/terms,http://localhost:3000/terms,accessDenied,true,200,OK,,text/html; charset=utf-8,,"<!DOCTYPE html><html lang=""en""><head><meta charSet=""utf-8""/><meta name=""viewport"" content=""width=device-width, initial-scale=1""/><link rel=""stylesheet"" href=""/_next/static/css/app/layout.css?v=1777628704457"" data-precede",2026-05-01T09:44:59.600Z,apps/web/src/app/terms/page.tsx,http://localhost:3000/terms,http://demo.localhost:3000/terms,http://admin.localhost:3000/terms
page,/trial-ended,/trial-ended,http://localhost:3000/trial-ended,redirect,false,307,Temporary Redirect,/login?next=%2Ftrial-ended,,,/login?next=%2Ftrial-ended,2026-05-01T09:45:05.469Z,apps/web/src/app/(main)/trial-ended/page.tsx,http://localhost:3000/trial-ended,http://demo.localhost:3000/trial-ended,http://admin.localhost:3000/trial-ended
