kind,routePath,concretePath,isDynamic,preferredUrl,localhostUrl,orgSubdomainUrl,adminHostUrl,sourceFile,surfaceOwner,accessPattern,queryShape,fallbackBehavior,invalidationDependency,priority,directReadCount,rpcCount,fromCount,sharedLoaderCount,shellBundleCount,promiseAllCount,withServerPerfCount,hasLocalMapCache,hasTimeoutFallback,hasStaleWindow,classificationNotes,notes
page,/,/,false,http://localhost:3000/,http://localhost:3000/,http://demo.localhost:3000/,http://admin.localhost:3000/,apps/web/src/app/page.tsx,root,direct query,fan-out,none,none,low,2,0,2,0,0,1,0,false,false,false,direct reads:2; promiseAll:1,
page,/admin,/admin,false,http://localhost:3000/admin,http://localhost:3000/admin,http://demo.localhost:3000/admin,http://admin.localhost:3000/admin,apps/web/src/app/(main)/admin/page.tsx,admin,shared page-data cache,org-wide aggregate,timeout fallback,shared invalidation,medium,0,0,0,2,1,1,2,false,true,false,imports:3; uses shell bundle; shared loaders:1; promiseAll:1; timeout path,
page,/admin/applications,/admin/applications,false,http://localhost:3000/admin/applications,http://localhost:3000/admin/applications,http://demo.localhost:3000/admin/applications,http://admin.localhost:3000/admin/applications,apps/web/src/app/(main)/admin/applications/page.tsx,admin,shared page-data cache,org-wide aggregate,timeout fallback,shared invalidation,medium,0,0,0,2,1,2,2,false,true,false,imports:3; uses shell bundle; shared loaders:1; promiseAll:2; timeout path,
page,/admin/broadcasts,/admin/broadcasts,false,http://localhost:3000/admin/broadcasts,http://localhost:3000/admin/broadcasts,http://demo.localhost:3000/admin/broadcasts,http://admin.localhost:3000/admin/broadcasts,apps/web/src/app/(main)/admin/broadcasts/page.tsx,admin,shared page-data cache,org-wide aggregate,timeout fallback,shared invalidation,medium,0,0,0,2,1,2,0,false,true,false,imports:2; uses shell bundle; shared loaders:1; promiseAll:2; timeout path,
page,/admin/categories,/admin/categories,false,http://localhost:3000/admin/categories,http://localhost:3000/admin/categories,http://demo.localhost:3000/admin/categories,http://admin.localhost:3000/admin/categories,apps/web/src/app/(main)/admin/categories/page.tsx,admin,shared page-data cache,org-wide aggregate,timeout fallback,shared invalidation,medium,0,0,0,2,1,1,0,false,true,false,imports:2; uses shell bundle; shared loaders:1; promiseAll:1; timeout path,
page,/admin/departments,/admin/departments,false,http://localhost:3000/admin/departments,http://localhost:3000/admin/departments,http://demo.localhost:3000/admin/departments,http://admin.localhost:3000/admin/departments,apps/web/src/app/(main)/admin/departments/page.tsx,admin,direct query,org-wide aggregate,none,none,high,1,0,1,0,0,1,12,false,false,false,imports:3; direct reads:1; promiseAll:1,
page,/admin/discount,/admin/discount,false,http://localhost:3000/admin/discount,http://localhost:3000/admin/discount,http://demo.localhost:3000/admin/discount,http://admin.localhost:3000/admin/discount,apps/web/src/app/(main)/admin/discount/page.tsx,admin,direct query,single,none,none,medium,3,1,2,0,0,0,0,false,false,false,direct reads:3,
page,/admin/hr,/admin/hr,false,http://localhost:3000/admin/hr,http://localhost:3000/admin/hr,http://demo.localhost:3000/admin/hr,http://admin.localhost:3000/admin/hr,apps/web/src/app/(main)/admin/hr/page.tsx,admin,shared page-data cache,org-wide aggregate,timeout fallback,shared invalidation,medium,0,0,0,2,1,2,2,false,true,false,imports:3; uses shell bundle; shared loaders:1; promiseAll:2; timeout path,
page,/admin/hr/absence-reporting,/admin/hr/absence-reporting,false,http://localhost:3000/admin/hr/absence-reporting,http://localhost:3000/admin/hr/absence-reporting,http://demo.localhost:3000/admin/hr/absence-reporting,http://admin.localhost:3000/admin/hr/absence-reporting,apps/web/src/app/(main)/admin/hr/absence-reporting/page.tsx,admin,shared page-data cache,org-wide aggregate,timeout fallback,shared invalidation,medium,0,0,0,2,1,2,2,false,true,false,imports:3; uses shell bundle; shared loaders:1; promiseAll:2; timeout path,
page,/admin/hr/custom-fields,/admin/hr/custom-fields,false,http://localhost:3000/admin/hr/custom-fields,http://localhost:3000/admin/hr/custom-fields,http://demo.localhost:3000/admin/hr/custom-fields,http://admin.localhost:3000/admin/hr/custom-fields,apps/web/src/app/(main)/admin/hr/custom-fields/page.tsx,admin,mixed,org-wide aggregate,timeout fallback + manual local cache,mixed,high,1,0,1,1,1,1,2,true,true,false,imports:2; uses shell bundle; direct reads:1; promiseAll:1; local Map cache; timeout path,
page,/admin/hr/[userId],/admin/hr/example,true,http://localhost:3000/admin/hr/example,http://localhost:3000/admin/hr/example,http://demo.localhost:3000/admin/hr/example,http://admin.localhost:3000/admin/hr/example,apps/web/src/app/(main)/admin/hr/[userId]/page.tsx,admin,shared page-data cache,org-wide aggregate,timeout fallback,shared invalidation,medium,0,0,0,3,1,5,3,false,true,false,imports:4; uses shell bundle; shared loaders:2; promiseAll:5; timeout path,"Dynamic route converted with placeholder ""example"""
page,/admin/hr/hr-metric-alerts,/admin/hr/hr-metric-alerts,false,http://localhost:3000/admin/hr/hr-metric-alerts,http://localhost:3000/admin/hr/hr-metric-alerts,http://demo.localhost:3000/admin/hr/hr-metric-alerts,http://admin.localhost:3000/admin/hr/hr-metric-alerts,apps/web/src/app/(main)/admin/hr/hr-metric-alerts/page.tsx,admin,none,none,none,unclear,low,0,0,0,0,0,0,0,false,false,false,,
page,/admin/hr/onboarding,/admin/hr/onboarding,false,http://localhost:3000/admin/hr/onboarding,http://localhost:3000/admin/hr/onboarding,http://demo.localhost:3000/admin/hr/onboarding,http://admin.localhost:3000/admin/hr/onboarding,apps/web/src/app/(main)/admin/hr/onboarding/page.tsx,admin,mixed,org-wide aggregate,timeout fallback,mixed,high,1,0,1,2,1,3,4,false,true,false,imports:3; uses shell bundle; shared loaders:1; direct reads:1; promiseAll:3; timeout path,
page,/admin/hr/onboarding/[runId],/admin/hr/onboarding/example,true,http://localhost:3000/admin/hr/onboarding/example,http://localhost:3000/admin/hr/onboarding/example,http://demo.localhost:3000/admin/hr/onboarding/example,http://admin.localhost:3000/admin/hr/onboarding/example,apps/web/src/app/(main)/admin/hr/onboarding/[runId]/page.tsx,admin,shared page-data cache,org-wide aggregate,timeout fallback,shared invalidation,medium,0,0,0,2,1,2,2,false,true,false,imports:3; uses shell bundle; shared loaders:1; promiseAll:2; timeout path,"Dynamic route converted with placeholder ""example"""
page,/admin/hr/one-on-ones,/admin/hr/one-on-ones,false,http://localhost:3000/admin/hr/one-on-ones,http://localhost:3000/admin/hr/one-on-ones,http://demo.localhost:3000/admin/hr/one-on-ones,http://admin.localhost:3000/admin/hr/one-on-ones,apps/web/src/app/(main)/admin/hr/one-on-ones/page.tsx,admin,shared page-data cache,org-wide aggregate,timeout fallback,shared invalidation,medium,0,0,0,2,1,1,2,false,true,false,imports:3; uses shell bundle; shared loaders:1; promiseAll:1; timeout path,
page,/admin/hr/org-chart,/admin/hr/org-chart,false,http://localhost:3000/admin/hr/org-chart,http://localhost:3000/admin/hr/org-chart,http://demo.localhost:3000/admin/hr/org-chart,http://admin.localhost:3000/admin/hr/org-chart,apps/web/src/app/(main)/admin/hr/org-chart/page.tsx,admin,shared page-data cache,org-wide aggregate,timeout fallback,shared invalidation,medium,0,0,0,2,1,1,2,false,true,false,imports:3; uses shell bundle; shared loaders:1; promiseAll:1; timeout path,
page,/admin/hr/performance,/admin/hr/performance,false,http://localhost:3000/admin/hr/performance,http://localhost:3000/admin/hr/performance,http://demo.localhost:3000/admin/hr/performance,http://admin.localhost:3000/admin/hr/performance,apps/web/src/app/(main)/admin/hr/performance/page.tsx,admin,shared page-data cache,org-wide aggregate,timeout fallback,shared invalidation,medium,0,0,0,2,1,1,2,false,true,false,imports:3; uses shell bundle; shared loaders:1; promiseAll:1; timeout path,
page,/admin/hr/performance/[cycleId],/admin/hr/performance/example,true,http://localhost:3000/admin/hr/performance/example,http://localhost:3000/admin/hr/performance/example,http://demo.localhost:3000/admin/hr/performance/example,http://admin.localhost:3000/admin/hr/performance/example,apps/web/src/app/(main)/admin/hr/performance/[cycleId]/page.tsx,admin,shared page-data cache,org-wide aggregate,timeout fallback,shared invalidation,medium,0,0,0,2,1,2,2,false,true,false,imports:3; uses shell bundle; shared loaders:1; promiseAll:2; timeout path,"Dynamic route converted with placeholder ""example"""
page,/admin/integrations,/admin/integrations,false,http://localhost:3000/admin/integrations,http://localhost:3000/admin/integrations,http://demo.localhost:3000/admin/integrations,http://admin.localhost:3000/admin/integrations,apps/web/src/app/(main)/admin/integrations/page.tsx,admin,direct query,single,none,none,medium,3,1,2,0,0,0,0,false,false,false,direct reads:3,
page,/admin/interviews,/admin/interviews,false,http://localhost:3000/admin/interviews,http://localhost:3000/admin/interviews,http://demo.localhost:3000/admin/interviews,http://admin.localhost:3000/admin/interviews,apps/web/src/app/(main)/admin/interviews/page.tsx,admin,shared page-data cache,org-wide aggregate,timeout fallback,shared invalidation,medium,0,0,0,2,1,2,1,false,true,false,imports:3; uses shell bundle; shared loaders:1; promiseAll:2; timeout path,
page,/admin/jobs,/admin/jobs,false,http://localhost:3000/admin/jobs,http://localhost:3000/admin/jobs,http://demo.localhost:3000/admin/jobs,http://admin.localhost:3000/admin/jobs,apps/web/src/app/(main)/admin/jobs/page.tsx,admin,shared page-data cache,org-wide aggregate,timeout fallback,shared invalidation,medium,0,0,0,3,1,3,2,false,true,false,imports:3; uses shell bundle; shared loaders:2; promiseAll:3; timeout path,
page,/admin/jobs/[id]/admin-legal,/admin/jobs/example/admin-legal,true,http://localhost:3000/admin/jobs/example/admin-legal,http://localhost:3000/admin/jobs/example/admin-legal,http://demo.localhost:3000/admin/jobs/example/admin-legal,http://admin.localhost:3000/admin/jobs/example/admin-legal,apps/web/src/app/(main)/admin/jobs/[id]/admin-legal/page.tsx,admin,shared page-data cache,org-wide aggregate,timeout fallback,shared invalidation,medium,0,0,0,2,1,2,0,false,true,false,imports:2; uses shell bundle; shared loaders:1; promiseAll:2; timeout path,"Dynamic route converted with placeholder ""example"""
page,/admin/jobs/[id]/applications,/admin/jobs/example/applications,true,http://localhost:3000/admin/jobs/example/applications,http://localhost:3000/admin/jobs/example/applications,http://demo.localhost:3000/admin/jobs/example/applications,http://admin.localhost:3000/admin/jobs/example/applications,apps/web/src/app/(main)/admin/jobs/[id]/applications/page.tsx,admin,mixed,org-wide aggregate,timeout fallback,mixed,high,1,0,1,2,1,2,2,false,true,false,imports:3; uses shell bundle; shared loaders:1; direct reads:1; promiseAll:2; timeout path,"Dynamic route converted with placeholder ""example"""
page,/admin/jobs/[id]/edit,/admin/jobs/example/edit,true,http://localhost:3000/admin/jobs/example/edit,http://localhost:3000/admin/jobs/example/edit,http://demo.localhost:3000/admin/jobs/example/edit,http://admin.localhost:3000/admin/jobs/example/edit,apps/web/src/app/(main)/admin/jobs/[id]/edit/page.tsx,admin,shared page-data cache,org-wide aggregate,timeout fallback,shared invalidation,medium,0,0,0,2,1,2,2,false,true,false,imports:3; uses shell bundle; shared loaders:1; promiseAll:2; timeout path,"Dynamic route converted with placeholder ""example"""
page,/admin/leave,/admin/leave,false,http://localhost:3000/admin/leave,http://localhost:3000/admin/leave,http://demo.localhost:3000/admin/leave,http://admin.localhost:3000/admin/leave,apps/web/src/app/(main)/admin/leave/page.tsx,admin,shared page-data cache,org-wide aggregate,timeout fallback,shared invalidation,medium,0,0,0,2,1,2,2,false,true,false,imports:3; uses shell bundle; shared loaders:1; promiseAll:2; timeout path,
page,/admin/notifications,/admin/notifications,false,http://localhost:3000/admin/notifications,http://localhost:3000/admin/notifications,http://demo.localhost:3000/admin/notifications,http://admin.localhost:3000/admin/notifications,apps/web/src/app/(main)/admin/notifications/page.tsx,admin,direct query,single,none,none,medium,3,1,2,0,0,0,0,false,false,false,direct reads:3,
page,/admin/offer-templates,/admin/offer-templates,false,http://localhost:3000/admin/offer-templates,http://localhost:3000/admin/offer-templates,http://demo.localhost:3000/admin/offer-templates,http://admin.localhost:3000/admin/offer-templates,apps/web/src/app/(main)/admin/offer-templates/page.tsx,admin,mixed,org-wide aggregate,timeout fallback + manual local cache,mixed,high,1,0,1,1,1,1,0,true,true,false,imports:1; uses shell bundle; direct reads:1; promiseAll:1; local Map cache; timeout path,
page,/admin/offer-templates/[id]/edit,/admin/offer-templates/example/edit,true,http://localhost:3000/admin/offer-templates/example/edit,http://localhost:3000/admin/offer-templates/example/edit,http://demo.localhost:3000/admin/offer-templates/example/edit,http://admin.localhost:3000/admin/offer-templates/example/edit,apps/web/src/app/(main)/admin/offer-templates/[id]/edit/page.tsx,admin,direct query,bounded detail,none,none,medium,2,0,2,0,0,0,0,false,false,false,direct reads:2,"Dynamic route converted with placeholder ""example"""
page,/admin/offer-templates/new,/admin/offer-templates/new,false,http://localhost:3000/admin/offer-templates/new,http://localhost:3000/admin/offer-templates/new,http://demo.localhost:3000/admin/offer-templates/new,http://admin.localhost:3000/admin/offer-templates/new,apps/web/src/app/(main)/admin/offer-templates/new/page.tsx,admin,direct query,single,none,none,medium,1,0,1,0,0,0,0,false,false,false,direct reads:1,
page,/admin/pending,/admin/pending,false,http://localhost:3000/admin/pending,http://localhost:3000/admin/pending,http://demo.localhost:3000/admin/pending,http://admin.localhost:3000/admin/pending,apps/web/src/app/(main)/admin/pending/page.tsx,admin,direct query,single,none,none,medium,1,0,1,0,0,0,8,false,false,false,imports:3; direct reads:1,
page,/admin/privacy,/admin/privacy,false,http://localhost:3000/admin/privacy,http://localhost:3000/admin/privacy,http://demo.localhost:3000/admin/privacy,http://admin.localhost:3000/admin/privacy,apps/web/src/app/(main)/admin/privacy/page.tsx,admin,direct query,single,none,none,medium,1,0,1,0,0,0,2,false,false,false,imports:2; direct reads:1,
page,/admin/recruitment,/admin/recruitment,false,http://localhost:3000/admin/recruitment,http://localhost:3000/admin/recruitment,http://demo.localhost:3000/admin/recruitment,http://admin.localhost:3000/admin/recruitment,apps/web/src/app/(main)/admin/recruitment/page.tsx,admin,shared page-data cache,org-wide aggregate,timeout fallback,shared invalidation,medium,0,0,0,2,1,1,1,false,true,false,imports:3; uses shell bundle; shared loaders:1; promiseAll:1; timeout path,
page,/admin/recruitment/[id],/admin/recruitment/example,true,http://localhost:3000/admin/recruitment/example,http://localhost:3000/admin/recruitment/example,http://demo.localhost:3000/admin/recruitment/example,http://admin.localhost:3000/admin/recruitment/example,apps/web/src/app/(main)/admin/recruitment/[id]/page.tsx,admin,shared page-data cache,org-wide aggregate,timeout fallback,shared invalidation,medium,0,0,0,2,1,2,1,false,true,false,imports:3; uses shell bundle; shared loaders:1; promiseAll:2; timeout path,"Dynamic route converted with placeholder ""example"""
page,/admin/roles,/admin/roles,false,http://localhost:3000/admin/roles,http://localhost:3000/admin/roles,http://demo.localhost:3000/admin/roles,http://admin.localhost:3000/admin/roles,apps/web/src/app/(main)/admin/roles/page.tsx,admin,direct query,single,none,none,medium,1,0,1,0,0,0,2,false,false,false,imports:2; direct reads:1,
page,/admin/rota,/admin/rota,false,http://localhost:3000/admin/rota,http://localhost:3000/admin/rota,http://demo.localhost:3000/admin/rota,http://admin.localhost:3000/admin/rota,apps/web/src/app/(main)/admin/rota/page.tsx,admin,direct query,fan-out,none,none,high,1,0,1,0,0,1,0,false,false,false,imports:1; direct reads:1; promiseAll:1,
page,/admin/rota-import,/admin/rota-import,false,http://localhost:3000/admin/rota-import,http://localhost:3000/admin/rota-import,http://demo.localhost:3000/admin/rota-import,http://admin.localhost:3000/admin/rota-import,apps/web/src/app/(main)/admin/rota-import/page.tsx,admin,direct query,single,none,none,medium,1,0,1,0,0,0,0,false,false,false,direct reads:1,
page,/admin/scan-logs,/admin/scan-logs,false,http://localhost:3000/admin/scan-logs,http://localhost:3000/admin/scan-logs,http://demo.localhost:3000/admin/scan-logs,http://admin.localhost:3000/admin/scan-logs,apps/web/src/app/(main)/admin/scan-logs/page.tsx,admin,direct query,single,none,none,medium,2,0,2,0,0,0,0,false,false,false,direct reads:2,
page,/admin/settings,/admin/settings,false,http://localhost:3000/admin/settings,http://localhost:3000/admin/settings,http://demo.localhost:3000/admin/settings,http://admin.localhost:3000/admin/settings,apps/web/src/app/(main)/admin/settings/page.tsx,admin,shared page-data cache,org-wide aggregate,timeout fallback,shared invalidation,medium,0,0,0,2,1,2,0,false,true,false,imports:2; uses shell bundle; shared loaders:1; promiseAll:2; timeout path,
page,/admin/sub-teams,/admin/sub-teams,false,http://localhost:3000/admin/sub-teams,http://localhost:3000/admin/sub-teams,http://demo.localhost:3000/admin/sub-teams,http://admin.localhost:3000/admin/sub-teams,apps/web/src/app/(main)/admin/sub-teams/page.tsx,admin,none,none,none,unclear,low,0,0,0,0,0,0,0,false,false,false,,
page,/admin/system-overview,/admin/system-overview,false,http://localhost:3000/admin/system-overview,http://localhost:3000/admin/system-overview,http://demo.localhost:3000/admin/system-overview,http://admin.localhost:3000/admin/system-overview,apps/web/src/app/(main)/admin/system-overview/page.tsx,admin,shared page-data cache,org-wide aggregate,timeout fallback,shared invalidation,medium,0,0,0,2,1,2,4,false,true,false,imports:3; uses shell bundle; shared loaders:1; promiseAll:2; timeout path,
page,/admin/teams,/admin/teams,false,http://localhost:3000/admin/teams,http://localhost:3000/admin/teams,http://demo.localhost:3000/admin/teams,http://admin.localhost:3000/admin/teams,apps/web/src/app/(main)/admin/teams/page.tsx,admin,shared page-data cache,org-wide aggregate,timeout fallback,shared invalidation,medium,0,0,0,2,1,1,2,false,true,false,imports:3; uses shell bundle; shared loaders:1; promiseAll:1; timeout path,
page,/admin/users,/admin/users,false,http://localhost:3000/admin/users,http://localhost:3000/admin/users,http://demo.localhost:3000/admin/users,http://admin.localhost:3000/admin/users,apps/web/src/app/(main)/admin/users/page.tsx,admin,shared page-data cache,org-wide aggregate,timeout fallback,shared invalidation,medium,0,0,0,2,1,2,9,false,true,false,imports:3; uses shell bundle; shared loaders:1; promiseAll:2; timeout path,
api,/api/admin/application-offers/[offerId]/pdf,/api/admin/application-offers/example/pdf,true,http://localhost:3000/api/admin/application-offers/example/pdf,http://localhost:3000/api/admin/application-offers/example/pdf,http://demo.localhost:3000/api/admin/application-offers/example/pdf,http://admin.localhost:3000/api/admin/application-offers/example/pdf,apps/web/src/app/api/admin/application-offers/[offerId]/pdf/route.ts,root,n/a,n/a,n/a,n/a,low,0,0,0,0,0,0,0,false,false,false,API route,"Dynamic route converted with placeholder ""example"""
api,/api/admin/custom-roles,/api/admin/custom-roles,false,http://localhost:3000/api/admin/custom-roles,http://localhost:3000/api/admin/custom-roles,http://demo.localhost:3000/api/admin/custom-roles,http://admin.localhost:3000/api/admin/custom-roles,apps/web/src/app/api/admin/custom-roles/route.ts,root,n/a,n/a,n/a,n/a,low,0,0,0,0,0,0,0,false,false,false,API route,
api,/api/admin/custom-roles/[roleId],/api/admin/custom-roles/example,true,http://localhost:3000/api/admin/custom-roles/example,http://localhost:3000/api/admin/custom-roles/example,http://demo.localhost:3000/api/admin/custom-roles/example,http://admin.localhost:3000/api/admin/custom-roles/example,apps/web/src/app/api/admin/custom-roles/[roleId]/route.ts,root,n/a,n/a,n/a,n/a,low,0,0,0,0,0,0,0,false,false,false,API route,"Dynamic route converted with placeholder ""example"""
api,/api/admin/invite-member,/api/admin/invite-member,false,http://localhost:3000/api/admin/invite-member,http://localhost:3000/api/admin/invite-member,http://demo.localhost:3000/api/admin/invite-member,http://admin.localhost:3000/api/admin/invite-member,apps/web/src/app/api/admin/invite-member/route.ts,root,n/a,n/a,n/a,n/a,low,0,0,0,0,0,0,0,false,false,false,API route,
api,/api/admin/job-applications/[id]/cv,/api/admin/job-applications/example/cv,true,http://localhost:3000/api/admin/job-applications/example/cv,http://localhost:3000/api/admin/job-applications/example/cv,http://demo.localhost:3000/api/admin/job-applications/example/cv,http://admin.localhost:3000/api/admin/job-applications/example/cv,apps/web/src/app/api/admin/job-applications/[id]/cv/route.ts,root,n/a,n/a,n/a,n/a,low,0,0,0,0,0,0,0,false,false,false,API route,"Dynamic route converted with placeholder ""example"""
api,/api/admin/members/assign-role,/api/admin/members/assign-role,false,http://localhost:3000/api/admin/members/assign-role,http://localhost:3000/api/admin/members/assign-role,http://demo.localhost:3000/api/admin/members/assign-role,http://admin.localhost:3000/api/admin/members/assign-role,apps/web/src/app/api/admin/members/assign-role/route.ts,root,n/a,n/a,n/a,n/a,low,0,0,0,0,0,0,0,false,false,false,API route,
api,/api/admin/members/assignable-roles,/api/admin/members/assignable-roles,false,http://localhost:3000/api/admin/members/assignable-roles,http://localhost:3000/api/admin/members/assignable-roles,http://demo.localhost:3000/api/admin/members/assignable-roles,http://admin.localhost:3000/api/admin/members/assignable-roles,apps/web/src/app/api/admin/members/assignable-roles/route.ts,root,n/a,n/a,n/a,n/a,low,0,0,0,0,0,0,0,false,false,false,API route,
api,/api/admin/members/delete,/api/admin/members/delete,false,http://localhost:3000/api/admin/members/delete,http://localhost:3000/api/admin/members/delete,http://demo.localhost:3000/api/admin/members/delete,http://admin.localhost:3000/api/admin/members/delete,apps/web/src/app/api/admin/members/delete/route.ts,root,n/a,n/a,n/a,n/a,low,0,0,0,0,0,0,0,false,false,false,API route,
api,/api/admin/members/[userId]/permission-overrides,/api/admin/members/example/permission-overrides,true,http://localhost:3000/api/admin/members/example/permission-overrides,http://localhost:3000/api/admin/members/example/permission-overrides,http://demo.localhost:3000/api/admin/members/example/permission-overrides,http://admin.localhost:3000/api/admin/members/example/permission-overrides,apps/web/src/app/api/admin/members/[userId]/permission-overrides/route.ts,root,n/a,n/a,n/a,n/a,low,0,0,0,0,0,0,0,false,false,false,API route,"Dynamic route converted with placeholder ""example"""
api,/api/admin/members/update-departments,/api/admin/members/update-departments,false,http://localhost:3000/api/admin/members/update-departments,http://localhost:3000/api/admin/members/update-departments,http://demo.localhost:3000/api/admin/members/update-departments,http://admin.localhost:3000/api/admin/members/update-departments,apps/web/src/app/api/admin/members/update-departments/route.ts,root,n/a,n/a,n/a,n/a,low,0,0,0,0,0,0,0,false,false,false,API route,
api,/api/admin/members/update-reports-to,/api/admin/members/update-reports-to,false,http://localhost:3000/api/admin/members/update-reports-to,http://localhost:3000/api/admin/members/update-reports-to,http://demo.localhost:3000/api/admin/members/update-reports-to,http://admin.localhost:3000/api/admin/members/update-reports-to,apps/web/src/app/api/admin/members/update-reports-to/route.ts,root,n/a,n/a,n/a,n/a,low,0,0,0,0,0,0,0,false,false,false,API route,
api,/api/admin/permissions/bootstrap,/api/admin/permissions/bootstrap,false,http://localhost:3000/api/admin/permissions/bootstrap,http://localhost:3000/api/admin/permissions/bootstrap,http://demo.localhost:3000/api/admin/permissions/bootstrap,http://admin.localhost:3000/api/admin/permissions/bootstrap,apps/web/src/app/api/admin/permissions/bootstrap/route.ts,root,n/a,n/a,n/a,n/a,low,0,0,0,0,0,0,0,false,false,false,API route,
api,/api/admin/resend-access-email,/api/admin/resend-access-email,false,http://localhost:3000/api/admin/resend-access-email,http://localhost:3000/api/admin/resend-access-email,http://demo.localhost:3000/api/admin/resend-access-email,http://admin.localhost:3000/api/admin/resend-access-email,apps/web/src/app/api/admin/resend-access-email/route.ts,root,n/a,n/a,n/a,n/a,low,0,0,0,0,0,0,0,false,false,false,API route,
api,/api/admin/roles,/api/admin/roles,false,http://localhost:3000/api/admin/roles,http://localhost:3000/api/admin/roles,http://demo.localhost:3000/api/admin/roles,http://admin.localhost:3000/api/admin/roles,apps/web/src/app/api/admin/roles/route.ts,root,n/a,n/a,n/a,n/a,low,0,0,0,0,0,0,0,false,false,false,API route,
api,/api/admin/roles/[roleId],/api/admin/roles/example,true,http://localhost:3000/api/admin/roles/example,http://localhost:3000/api/admin/roles/example,http://demo.localhost:3000/api/admin/roles/example,http://admin.localhost:3000/api/admin/roles/example,apps/web/src/app/api/admin/roles/[roleId]/route.ts,root,n/a,n/a,n/a,n/a,low,0,0,0,0,0,0,0,false,false,false,API route,"Dynamic route converted with placeholder ""example"""
api,/api/admin/rota-sheets-import,/api/admin/rota-sheets-import,false,http://localhost:3000/api/admin/rota-sheets-import,http://localhost:3000/api/admin/rota-sheets-import,http://demo.localhost:3000/api/admin/rota-sheets-import,http://admin.localhost:3000/api/admin/rota-sheets-import,apps/web/src/app/api/admin/rota-sheets-import/route.ts,root,n/a,n/a,n/a,n/a,low,0,0,0,0,0,0,0,false,false,false,API route,
api,/api/admin/self-signup-link,/api/admin/self-signup-link,false,http://localhost:3000/api/admin/self-signup-link,http://localhost:3000/api/admin/self-signup-link,http://demo.localhost:3000/api/admin/self-signup-link,http://admin.localhost:3000/api/admin/self-signup-link,apps/web/src/app/api/admin/self-signup-link/route.ts,root,n/a,n/a,n/a,n/a,low,0,0,0,0,0,0,0,false,false,false,API route,
api,/api/auth/complete-org-join,/api/auth/complete-org-join,false,http://localhost:3000/api/auth/complete-org-join,http://localhost:3000/api/auth/complete-org-join,http://demo.localhost:3000/api/auth/complete-org-join,http://admin.localhost:3000/api/auth/complete-org-join,apps/web/src/app/api/auth/complete-org-join/route.ts,root,n/a,n/a,n/a,n/a,low,0,0,0,0,0,0,0,false,false,false,API route,
api,/api/auth/create-org-for-existing-account,/api/auth/create-org-for-existing-account,false,http://localhost:3000/api/auth/create-org-for-existing-account,http://localhost:3000/api/auth/create-org-for-existing-account,http://demo.localhost:3000/api/auth/create-org-for-existing-account,http://admin.localhost:3000/api/auth/create-org-for-existing-account,apps/web/src/app/api/auth/create-org-for-existing-account/route.ts,root,n/a,n/a,n/a,n/a,low,0,0,0,0,0,0,0,false,false,false,API route,
api,/api/auth/join-org-for-existing-account,/api/auth/join-org-for-existing-account,false,http://localhost:3000/api/auth/join-org-for-existing-account,http://localhost:3000/api/auth/join-org-for-existing-account,http://demo.localhost:3000/api/auth/join-org-for-existing-account,http://admin.localhost:3000/api/auth/join-org-for-existing-account,apps/web/src/app/api/auth/join-org-for-existing-account/route.ts,root,n/a,n/a,n/a,n/a,low,0,0,0,0,0,0,0,false,false,false,API route,
api,/api/auth/register-existing-membership,/api/auth/register-existing-membership,false,http://localhost:3000/api/auth/register-existing-membership,http://localhost:3000/api/auth/register-existing-membership,http://demo.localhost:3000/api/auth/register-existing-membership,http://admin.localhost:3000/api/auth/register-existing-membership,apps/web/src/app/api/auth/register-existing-membership/route.ts,root,n/a,n/a,n/a,n/a,low,0,0,0,0,0,0,0,false,false,false,API route,
api,/api/broadcasts/summarize,/api/broadcasts/summarize,false,http://localhost:3000/api/broadcasts/summarize,http://localhost:3000/api/broadcasts/summarize,http://demo.localhost:3000/api/broadcasts/summarize,http://admin.localhost:3000/api/broadcasts/summarize,apps/web/src/app/api/broadcasts/summarize/route.ts,root,n/a,n/a,n/a,n/a,low,0,0,0,0,0,0,0,false,false,false,API route,
api,/api/cache/invalidate,/api/cache/invalidate,false,http://localhost:3000/api/cache/invalidate,http://localhost:3000/api/cache/invalidate,http://demo.localhost:3000/api/cache/invalidate,http://admin.localhost:3000/api/cache/invalidate,apps/web/src/app/api/cache/invalidate/route.ts,root,n/a,n/a,n/a,n/a,low,0,0,0,0,0,0,0,false,false,false,API route,
api,/api/google/calendar/events,/api/google/calendar/events,false,http://localhost:3000/api/google/calendar/events,http://localhost:3000/api/google/calendar/events,http://demo.localhost:3000/api/google/calendar/events,http://admin.localhost:3000/api/google/calendar/events,apps/web/src/app/api/google/calendar/events/route.ts,root,n/a,n/a,n/a,n/a,low,0,0,0,0,0,0,0,false,false,false,API route,
api,/api/google/oauth/callback,/api/google/oauth/callback,false,http://localhost:3000/api/google/oauth/callback,http://localhost:3000/api/google/oauth/callback,http://demo.localhost:3000/api/google/oauth/callback,http://admin.localhost:3000/api/google/oauth/callback,apps/web/src/app/api/google/oauth/callback/route.ts,root,n/a,n/a,n/a,n/a,low,0,0,0,0,0,0,0,false,false,false,API route,
api,/api/google/oauth/start,/api/google/oauth/start,false,http://localhost:3000/api/google/oauth/start,http://localhost:3000/api/google/oauth/start,http://demo.localhost:3000/api/google/oauth/start,http://admin.localhost:3000/api/google/oauth/start,apps/web/src/app/api/google/oauth/start/route.ts,root,n/a,n/a,n/a,n/a,low,0,0,0,0,0,0,0,false,false,false,API route,
api,/api/google/sync,/api/google/sync,false,http://localhost:3000/api/google/sync,http://localhost:3000/api/google/sync,http://demo.localhost:3000/api/google/sync,http://admin.localhost:3000/api/google/sync,apps/web/src/app/api/google/sync/route.ts,root,n/a,n/a,n/a,n/a,low,0,0,0,0,0,0,0,false,false,false,API route,
api,/api/health,/api/health,false,http://localhost:3000/api/health,http://localhost:3000/api/health,http://demo.localhost:3000/api/health,http://admin.localhost:3000/api/health,apps/web/src/app/api/health/route.ts,root,n/a,n/a,n/a,n/a,low,0,0,0,0,0,0,0,false,false,false,API route,
api,/api/hr/dashboard-stats,/api/hr/dashboard-stats,false,http://localhost:3000/api/hr/dashboard-stats,http://localhost:3000/api/hr/dashboard-stats,http://demo.localhost:3000/api/hr/dashboard-stats,http://admin.localhost:3000/api/hr/dashboard-stats,apps/web/src/app/api/hr/dashboard-stats/route.ts,root,n/a,n/a,n/a,n/a,low,0,0,0,0,0,0,0,false,false,false,API route,
api,/api/hr/medical-notes,/api/hr/medical-notes,false,http://localhost:3000/api/hr/medical-notes,http://localhost:3000/api/hr/medical-notes,http://demo.localhost:3000/api/hr/medical-notes,http://admin.localhost:3000/api/hr/medical-notes,apps/web/src/app/api/hr/medical-notes/route.ts,root,n/a,n/a,n/a,n/a,low,0,0,0,0,0,0,0,false,false,false,API route,
api,/api/hr/medical-notes/[id]/reveal,/api/hr/medical-notes/example/reveal,true,http://localhost:3000/api/hr/medical-notes/example/reveal,http://localhost:3000/api/hr/medical-notes/example/reveal,http://demo.localhost:3000/api/hr/medical-notes/example/reveal,http://admin.localhost:3000/api/hr/medical-notes/example/reveal,apps/web/src/app/api/hr/medical-notes/[id]/reveal/route.ts,root,n/a,n/a,n/a,n/a,low,0,0,0,0,0,0,0,false,false,false,API route,"Dynamic route converted with placeholder ""example"""
api,/api/hr/overview-stats,/api/hr/overview-stats,false,http://localhost:3000/api/hr/overview-stats,http://localhost:3000/api/hr/overview-stats,http://demo.localhost:3000/api/hr/overview-stats,http://admin.localhost:3000/api/hr/overview-stats,apps/web/src/app/api/hr/overview-stats/route.ts,root,n/a,n/a,n/a,n/a,low,0,0,0,0,0,0,0,false,false,false,API route,
api,/api/hr/records/export,/api/hr/records/export,false,http://localhost:3000/api/hr/records/export,http://localhost:3000/api/hr/records/export,http://demo.localhost:3000/api/hr/records/export,http://admin.localhost:3000/api/hr/records/export,apps/web/src/app/api/hr/records/export/route.ts,root,n/a,n/a,n/a,n/a,low,0,0,0,0,0,0,0,false,false,false,API route,
api,/api/hr/training-records,/api/hr/training-records,false,http://localhost:3000/api/hr/training-records,http://localhost:3000/api/hr/training-records,http://demo.localhost:3000/api/hr/training-records,http://admin.localhost:3000/api/hr/training-records,apps/web/src/app/api/hr/training-records/route.ts,root,n/a,n/a,n/a,n/a,low,0,0,0,0,0,0,0,false,false,false,API route,
api,/api/hr/training-records/[recordId],/api/hr/training-records/example,true,http://localhost:3000/api/hr/training-records/example,http://localhost:3000/api/hr/training-records/example,http://demo.localhost:3000/api/hr/training-records/example,http://admin.localhost:3000/api/hr/training-records/example,apps/web/src/app/api/hr/training-records/[recordId]/route.ts,root,n/a,n/a,n/a,n/a,low,0,0,0,0,0,0,0,false,false,false,API route,"Dynamic route converted with placeholder ""example"""
api,/api/legal/acceptance,/api/legal/acceptance,false,http://localhost:3000/api/legal/acceptance,http://localhost:3000/api/legal/acceptance,http://demo.localhost:3000/api/legal/acceptance,http://admin.localhost:3000/api/legal/acceptance,apps/web/src/app/api/legal/acceptance/route.ts,root,n/a,n/a,n/a,n/a,low,0,0,0,0,0,0,0,false,false,false,API route,
api,/api/loadtest/redis-check,/api/loadtest/redis-check,false,http://localhost:3000/api/loadtest/redis-check,http://localhost:3000/api/loadtest/redis-check,http://demo.localhost:3000/api/loadtest/redis-check,http://admin.localhost:3000/api/loadtest/redis-check,apps/web/src/app/api/loadtest/redis-check/route.ts,root,n/a,n/a,n/a,n/a,low,0,0,0,0,0,0,0,false,false,false,API route,
api,/api/loadtest/shell-bundle,/api/loadtest/shell-bundle,false,http://localhost:3000/api/loadtest/shell-bundle,http://localhost:3000/api/loadtest/shell-bundle,http://demo.localhost:3000/api/loadtest/shell-bundle,http://admin.localhost:3000/api/loadtest/shell-bundle,apps/web/src/app/api/loadtest/shell-bundle/route.ts,root,n/a,n/a,n/a,n/a,low,0,0,0,0,0,0,0,false,false,false,API route,
api,/api/loadtest/shell-bundle-internal,/api/loadtest/shell-bundle-internal,false,http://localhost:3000/api/loadtest/shell-bundle-internal,http://localhost:3000/api/loadtest/shell-bundle-internal,http://demo.localhost:3000/api/loadtest/shell-bundle-internal,http://admin.localhost:3000/api/loadtest/shell-bundle-internal,apps/web/src/app/api/loadtest/shell-bundle-internal/route.ts,root,n/a,n/a,n/a,n/a,low,0,0,0,0,0,0,0,false,false,false,API route,
api,/api/microsoft/calendar/events,/api/microsoft/calendar/events,false,http://localhost:3000/api/microsoft/calendar/events,http://localhost:3000/api/microsoft/calendar/events,http://demo.localhost:3000/api/microsoft/calendar/events,http://admin.localhost:3000/api/microsoft/calendar/events,apps/web/src/app/api/microsoft/calendar/events/route.ts,root,n/a,n/a,n/a,n/a,low,0,0,0,0,0,0,0,false,false,false,API route,
api,/api/microsoft/oauth/start,/api/microsoft/oauth/start,false,http://localhost:3000/api/microsoft/oauth/start,http://localhost:3000/api/microsoft/oauth/start,http://demo.localhost:3000/api/microsoft/oauth/start,http://admin.localhost:3000/api/microsoft/oauth/start,apps/web/src/app/api/microsoft/oauth/start/route.ts,root,n/a,n/a,n/a,n/a,low,0,0,0,0,0,0,0,false,false,false,API route,
api,/api/microsoft/sync,/api/microsoft/sync,false,http://localhost:3000/api/microsoft/sync,http://localhost:3000/api/microsoft/sync,http://demo.localhost:3000/api/microsoft/sync,http://admin.localhost:3000/api/microsoft/sync,apps/web/src/app/api/microsoft/sync/route.ts,root,n/a,n/a,n/a,n/a,low,0,0,0,0,0,0,0,false,false,false,API route,
api,/api/org-chart/live,/api/org-chart/live,false,http://localhost:3000/api/org-chart/live,http://localhost:3000/api/org-chart/live,http://demo.localhost:3000/api/org-chart/live,http://admin.localhost:3000/api/org-chart/live,apps/web/src/app/api/org-chart/live/route.ts,root,n/a,n/a,n/a,n/a,low,0,0,0,0,0,0,0,false,false,false,API route,
api,/api/org-logo/lookup,/api/org-logo/lookup,false,http://localhost:3000/api/org-logo/lookup,http://localhost:3000/api/org-logo/lookup,http://demo.localhost:3000/api/org-logo/lookup,http://admin.localhost:3000/api/org-logo/lookup,apps/web/src/app/api/org-logo/lookup/route.ts,root,n/a,n/a,n/a,n/a,low,0,0,0,0,0,0,0,false,false,false,API route,
api,/api/org-logo/suggest-colors,/api/org-logo/suggest-colors,false,http://localhost:3000/api/org-logo/suggest-colors,http://localhost:3000/api/org-logo/suggest-colors,http://demo.localhost:3000/api/org-logo/suggest-colors,http://admin.localhost:3000/api/org-logo/suggest-colors,apps/web/src/app/api/org-logo/suggest-colors/route.ts,root,n/a,n/a,n/a,n/a,low,0,0,0,0,0,0,0,false,false,false,API route,
api,/api/org-logo/upload,/api/org-logo/upload,false,http://localhost:3000/api/org-logo/upload,http://localhost:3000/api/org-logo/upload,http://demo.localhost:3000/api/org-logo/upload,http://admin.localhost:3000/api/org-logo/upload,apps/web/src/app/api/org-logo/upload/route.ts,root,n/a,n/a,n/a,n/a,low,0,0,0,0,0,0,0,false,false,false,API route,
api,/api/payroll/bank-details,/api/payroll/bank-details,false,http://localhost:3000/api/payroll/bank-details,http://localhost:3000/api/payroll/bank-details,http://demo.localhost:3000/api/payroll/bank-details,http://admin.localhost:3000/api/payroll/bank-details,apps/web/src/app/api/payroll/bank-details/route.ts,root,n/a,n/a,n/a,n/a,low,0,0,0,0,0,0,0,false,false,false,API route,
api,/api/payroll/bank-details/[id]/approve,/api/payroll/bank-details/example/approve,true,http://localhost:3000/api/payroll/bank-details/example/approve,http://localhost:3000/api/payroll/bank-details/example/approve,http://demo.localhost:3000/api/payroll/bank-details/example/approve,http://admin.localhost:3000/api/payroll/bank-details/example/approve,apps/web/src/app/api/payroll/bank-details/[id]/approve/route.ts,root,n/a,n/a,n/a,n/a,low,0,0,0,0,0,0,0,false,false,false,API route,"Dynamic route converted with placeholder ""example"""
api,/api/payroll/bank-details/[id]/reject,/api/payroll/bank-details/example/reject,true,http://localhost:3000/api/payroll/bank-details/example/reject,http://localhost:3000/api/payroll/bank-details/example/reject,http://demo.localhost:3000/api/payroll/bank-details/example/reject,http://admin.localhost:3000/api/payroll/bank-details/example/reject,apps/web/src/app/api/payroll/bank-details/[id]/reject/route.ts,root,n/a,n/a,n/a,n/a,low,0,0,0,0,0,0,0,false,false,false,API route,"Dynamic route converted with placeholder ""example"""
api,/api/payroll/bank-details/[id]/reveal,/api/payroll/bank-details/example/reveal,true,http://localhost:3000/api/payroll/bank-details/example/reveal,http://localhost:3000/api/payroll/bank-details/example/reveal,http://demo.localhost:3000/api/payroll/bank-details/example/reveal,http://admin.localhost:3000/api/payroll/bank-details/example/reveal,apps/web/src/app/api/payroll/bank-details/[id]/reveal/route.ts,root,n/a,n/a,n/a,n/a,low,0,0,0,0,0,0,0,false,false,false,API route,"Dynamic route converted with placeholder ""example"""
api,/api/payroll/bank-details/export,/api/payroll/bank-details/export,false,http://localhost:3000/api/payroll/bank-details/export,http://localhost:3000/api/payroll/bank-details/export,http://demo.localhost:3000/api/payroll/bank-details/export,http://admin.localhost:3000/api/payroll/bank-details/export,apps/web/src/app/api/payroll/bank-details/export/route.ts,root,n/a,n/a,n/a,n/a,low,0,0,0,0,0,0,0,false,false,false,API route,
api,/api/payroll/tax-documents/export,/api/payroll/tax-documents/export,false,http://localhost:3000/api/payroll/tax-documents/export,http://localhost:3000/api/payroll/tax-documents/export,http://demo.localhost:3000/api/payroll/tax-documents/export,http://admin.localhost:3000/api/payroll/tax-documents/export,apps/web/src/app/api/payroll/tax-documents/export/route.ts,root,n/a,n/a,n/a,n/a,low,0,0,0,0,0,0,0,false,false,false,API route,
api,/api/payroll/uk-tax,/api/payroll/uk-tax,false,http://localhost:3000/api/payroll/uk-tax,http://localhost:3000/api/payroll/uk-tax,http://demo.localhost:3000/api/payroll/uk-tax,http://admin.localhost:3000/api/payroll/uk-tax,apps/web/src/app/api/payroll/uk-tax/route.ts,root,n/a,n/a,n/a,n/a,low,0,0,0,0,0,0,0,false,false,false,API route,
api,/api/payroll/uk-tax/[id]/approve,/api/payroll/uk-tax/example/approve,true,http://localhost:3000/api/payroll/uk-tax/example/approve,http://localhost:3000/api/payroll/uk-tax/example/approve,http://demo.localhost:3000/api/payroll/uk-tax/example/approve,http://admin.localhost:3000/api/payroll/uk-tax/example/approve,apps/web/src/app/api/payroll/uk-tax/[id]/approve/route.ts,root,n/a,n/a,n/a,n/a,low,0,0,0,0,0,0,0,false,false,false,API route,"Dynamic route converted with placeholder ""example"""
api,/api/payroll/uk-tax/[id]/reject,/api/payroll/uk-tax/example/reject,true,http://localhost:3000/api/payroll/uk-tax/example/reject,http://localhost:3000/api/payroll/uk-tax/example/reject,http://demo.localhost:3000/api/payroll/uk-tax/example/reject,http://admin.localhost:3000/api/payroll/uk-tax/example/reject,apps/web/src/app/api/payroll/uk-tax/[id]/reject/route.ts,root,n/a,n/a,n/a,n/a,low,0,0,0,0,0,0,0,false,false,false,API route,"Dynamic route converted with placeholder ""example"""
api,/api/payroll/uk-tax/[id]/reveal,/api/payroll/uk-tax/example/reveal,true,http://localhost:3000/api/payroll/uk-tax/example/reveal,http://localhost:3000/api/payroll/uk-tax/example/reveal,http://demo.localhost:3000/api/payroll/uk-tax/example/reveal,http://admin.localhost:3000/api/payroll/uk-tax/example/reveal,apps/web/src/app/api/payroll/uk-tax/[id]/reveal/route.ts,root,n/a,n/a,n/a,n/a,low,0,0,0,0,0,0,0,false,false,false,API route,"Dynamic route converted with placeholder ""example"""
api,/api/payroll/uk-tax/export,/api/payroll/uk-tax/export,false,http://localhost:3000/api/payroll/uk-tax/export,http://localhost:3000/api/payroll/uk-tax/export,http://demo.localhost:3000/api/payroll/uk-tax/export,http://admin.localhost:3000/api/payroll/uk-tax/export,apps/web/src/app/api/payroll/uk-tax/export/route.ts,root,n/a,n/a,n/a,n/a,low,0,0,0,0,0,0,0,false,false,false,API route,
api,/api/payroll/wagesheets/export-xlsx,/api/payroll/wagesheets/export-xlsx,false,http://localhost:3000/api/payroll/wagesheets/export-xlsx,http://localhost:3000/api/payroll/wagesheets/export-xlsx,http://demo.localhost:3000/api/payroll/wagesheets/export-xlsx,http://admin.localhost:3000/api/payroll/wagesheets/export-xlsx,apps/web/src/app/api/payroll/wagesheets/export-xlsx/route.ts,root,n/a,n/a,n/a,n/a,low,0,0,0,0,0,0,0,false,false,false,API route,
api,/api/presence/touch,/api/presence/touch,false,http://localhost:3000/api/presence/touch,http://localhost:3000/api/presence/touch,http://demo.localhost:3000/api/presence/touch,http://admin.localhost:3000/api/presence/touch,apps/web/src/app/api/presence/touch/route.ts,root,n/a,n/a,n/a,n/a,low,0,0,0,0,0,0,0,false,false,false,API route,
api,/api/privacy/erasure-requests,/api/privacy/erasure-requests,false,http://localhost:3000/api/privacy/erasure-requests,http://localhost:3000/api/privacy/erasure-requests,http://demo.localhost:3000/api/privacy/erasure-requests,http://admin.localhost:3000/api/privacy/erasure-requests,apps/web/src/app/api/privacy/erasure-requests/route.ts,root,n/a,n/a,n/a,n/a,low,0,0,0,0,0,0,0,false,false,false,API route,
api,/api/privacy/erasure-requests/[id]/execute,/api/privacy/erasure-requests/example/execute,true,http://localhost:3000/api/privacy/erasure-requests/example/execute,http://localhost:3000/api/privacy/erasure-requests/example/execute,http://demo.localhost:3000/api/privacy/erasure-requests/example/execute,http://admin.localhost:3000/api/privacy/erasure-requests/example/execute,apps/web/src/app/api/privacy/erasure-requests/[id]/execute/route.ts,root,n/a,n/a,n/a,n/a,low,0,0,0,0,0,0,0,false,false,false,API route,"Dynamic route converted with placeholder ""example"""
api,/api/privacy/erasure-requests/[id]/preview,/api/privacy/erasure-requests/example/preview,true,http://localhost:3000/api/privacy/erasure-requests/example/preview,http://localhost:3000/api/privacy/erasure-requests/example/preview,http://demo.localhost:3000/api/privacy/erasure-requests/example/preview,http://admin.localhost:3000/api/privacy/erasure-requests/example/preview,apps/web/src/app/api/privacy/erasure-requests/[id]/preview/route.ts,root,n/a,n/a,n/a,n/a,low,0,0,0,0,0,0,0,false,false,false,API route,"Dynamic route converted with placeholder ""example"""
api,/api/privacy/erasure-requests/[id]/review,/api/privacy/erasure-requests/example/review,true,http://localhost:3000/api/privacy/erasure-requests/example/review,http://localhost:3000/api/privacy/erasure-requests/example/review,http://demo.localhost:3000/api/privacy/erasure-requests/example/review,http://admin.localhost:3000/api/privacy/erasure-requests/example/review,apps/web/src/app/api/privacy/erasure-requests/[id]/review/route.ts,root,n/a,n/a,n/a,n/a,low,0,0,0,0,0,0,0,false,false,false,API route,"Dynamic route converted with placeholder ""example"""
api,/api/privacy/retention-policies,/api/privacy/retention-policies,false,http://localhost:3000/api/privacy/retention-policies,http://localhost:3000/api/privacy/retention-policies,http://demo.localhost:3000/api/privacy/retention-policies,http://admin.localhost:3000/api/privacy/retention-policies,apps/web/src/app/api/privacy/retention-policies/route.ts,root,n/a,n/a,n/a,n/a,low,0,0,0,0,0,0,0,false,false,false,API route,
api,/api/push-token,/api/push-token,false,http://localhost:3000/api/push-token,http://localhost:3000/api/push-token,http://demo.localhost:3000/api/push-token,http://admin.localhost:3000/api/push-token,apps/web/src/app/api/push-token/route.ts,root,n/a,n/a,n/a,n/a,low,0,0,0,0,0,0,0,false,false,false,API route,
api,/api/reports,/api/reports,false,http://localhost:3000/api/reports,http://localhost:3000/api/reports,http://demo.localhost:3000/api/reports,http://admin.localhost:3000/api/reports,apps/web/src/app/api/reports/route.ts,root,n/a,n/a,n/a,n/a,low,0,0,0,0,0,0,0,false,false,false,API route,
api,/api/reports/[id],/api/reports/example,true,http://localhost:3000/api/reports/example,http://localhost:3000/api/reports/example,http://demo.localhost:3000/api/reports/example,http://admin.localhost:3000/api/reports/example,apps/web/src/app/api/reports/[id]/route.ts,root,n/a,n/a,n/a,n/a,low,0,0,0,0,0,0,0,false,false,false,API route,"Dynamic route converted with placeholder ""example"""
api,/api/reports/[id]/export,/api/reports/example/export,true,http://localhost:3000/api/reports/example/export,http://localhost:3000/api/reports/example/export,http://demo.localhost:3000/api/reports/example/export,http://admin.localhost:3000/api/reports/example/export,apps/web/src/app/api/reports/[id]/export/route.ts,root,n/a,n/a,n/a,n/a,low,0,0,0,0,0,0,0,false,false,false,API route,"Dynamic route converted with placeholder ""example"""
api,/api/reports/[id]/run,/api/reports/example/run,true,http://localhost:3000/api/reports/example/run,http://localhost:3000/api/reports/example/run,http://demo.localhost:3000/api/reports/example/run,http://admin.localhost:3000/api/reports/example/run,apps/web/src/app/api/reports/[id]/run/route.ts,root,n/a,n/a,n/a,n/a,low,0,0,0,0,0,0,0,false,false,false,API route,"Dynamic route converted with placeholder ""example"""
api,/api/reports/[id]/runs,/api/reports/example/runs,true,http://localhost:3000/api/reports/example/runs,http://localhost:3000/api/reports/example/runs,http://demo.localhost:3000/api/reports/example/runs,http://admin.localhost:3000/api/reports/example/runs,apps/web/src/app/api/reports/[id]/runs/route.ts,root,n/a,n/a,n/a,n/a,low,0,0,0,0,0,0,0,false,false,false,API route,"Dynamic route converted with placeholder ""example"""
api,/api/reports/[id]/schedule,/api/reports/example/schedule,true,http://localhost:3000/api/reports/example/schedule,http://localhost:3000/api/reports/example/schedule,http://demo.localhost:3000/api/reports/example/schedule,http://admin.localhost:3000/api/reports/example/schedule,apps/web/src/app/api/reports/[id]/schedule/route.ts,root,n/a,n/a,n/a,n/a,low,0,0,0,0,0,0,0,false,false,false,API route,"Dynamic route converted with placeholder ""example"""
api,/api/reports/home,/api/reports/home,false,http://localhost:3000/api/reports/home,http://localhost:3000/api/reports/home,http://demo.localhost:3000/api/reports/home,http://admin.localhost:3000/api/reports/home,apps/web/src/app/api/reports/home/route.ts,root,n/a,n/a,n/a,n/a,low,0,0,0,0,0,0,0,false,false,false,API route,
api,/api/reports/pins,/api/reports/pins,false,http://localhost:3000/api/reports/pins,http://localhost:3000/api/reports/pins,http://demo.localhost:3000/api/reports/pins,http://admin.localhost:3000/api/reports/pins,apps/web/src/app/api/reports/pins/route.ts,root,n/a,n/a,n/a,n/a,low,0,0,0,0,0,0,0,false,false,false,API route,
api,/api/resources/chat,/api/resources/chat,false,http://localhost:3000/api/resources/chat,http://localhost:3000/api/resources/chat,http://demo.localhost:3000/api/resources/chat,http://admin.localhost:3000/api/resources/chat,apps/web/src/app/api/resources/chat/route.ts,root,n/a,n/a,n/a,n/a,low,0,0,0,0,0,0,0,false,false,false,API route,
api,/api/resources/summarize,/api/resources/summarize,false,http://localhost:3000/api/resources/summarize,http://localhost:3000/api/resources/summarize,http://demo.localhost:3000/api/resources/summarize,http://admin.localhost:3000/api/resources/summarize,apps/web/src/app/api/resources/summarize/route.ts,root,n/a,n/a,n/a,n/a,low,0,0,0,0,0,0,0,false,false,false,API route,
api,/api/unsplash/photos,/api/unsplash/photos,false,http://localhost:3000/api/unsplash/photos,http://localhost:3000/api/unsplash/photos,http://demo.localhost:3000/api/unsplash/photos,http://admin.localhost:3000/api/unsplash/photos,apps/web/src/app/api/unsplash/photos/route.ts,root,n/a,n/a,n/a,n/a,low,0,0,0,0,0,0,0,false,false,false,API route,
api,/api/unsplash/track-download,/api/unsplash/track-download,false,http://localhost:3000/api/unsplash/track-download,http://localhost:3000/api/unsplash/track-download,http://demo.localhost:3000/api/unsplash/track-download,http://admin.localhost:3000/api/unsplash/track-download,apps/web/src/app/api/unsplash/track-download/route.ts,root,n/a,n/a,n/a,n/a,low,0,0,0,0,0,0,0,false,false,false,API route,
page,/attendance,/attendance,false,http://localhost:3000/attendance,http://localhost:3000/attendance,http://demo.localhost:3000/attendance,http://admin.localhost:3000/attendance,apps/web/src/app/(main)/attendance/page.tsx,main,direct query,single,none,none,medium,2,0,2,0,0,0,0,false,false,false,direct reads:2,
page,/auth/callback,/auth/callback,false,http://localhost:3000/auth/callback,http://localhost:3000/auth/callback,http://demo.localhost:3000/auth/callback,http://admin.localhost:3000/auth/callback,apps/web/src/app/auth/callback/page.tsx,root,none,none,none,unclear,low,0,0,0,0,0,0,0,false,false,false,,
api,/auth/confirm,/auth/confirm,false,http://localhost:3000/auth/confirm,http://localhost:3000/auth/confirm,http://demo.localhost:3000/auth/confirm,http://admin.localhost:3000/auth/confirm,apps/web/src/app/auth/confirm/route.ts,root,n/a,n/a,n/a,n/a,low,0,0,0,0,0,0,0,false,false,false,API route,
api,/auth/outlook/callback,/auth/outlook/callback,false,http://localhost:3000/auth/outlook/callback,http://localhost:3000/auth/outlook/callback,http://demo.localhost:3000/auth/outlook/callback,http://admin.localhost:3000/auth/outlook/callback,apps/web/src/app/auth/outlook/callback/route.ts,root,n/a,n/a,n/a,n/a,low,0,0,0,0,0,0,0,false,false,false,API route,
page,/auth/set-password,/auth/set-password,false,http://localhost:3000/auth/set-password,http://localhost:3000/auth/set-password,http://demo.localhost:3000/auth/set-password,http://admin.localhost:3000/auth/set-password,apps/web/src/app/auth/set-password/page.tsx,root,none,none,none,unclear,low,0,0,0,0,0,0,0,false,false,false,,
page,/broadcasts,/broadcasts,false,http://localhost:3000/broadcasts,http://localhost:3000/broadcasts,http://demo.localhost:3000/broadcasts,http://admin.localhost:3000/broadcasts,apps/web/src/app/(main)/broadcasts/page.tsx,main,direct query,single,none,none,medium,2,0,2,0,0,0,0,false,false,false,direct reads:2,
page,/broadcasts/[id],/broadcasts/example,true,http://localhost:3000/broadcasts/example,http://localhost:3000/broadcasts/example,http://demo.localhost:3000/broadcasts/example,http://admin.localhost:3000/broadcasts/example,apps/web/src/app/(main)/broadcasts/[id]/page.tsx,main,shared page-data cache,org-wide aggregate,timeout fallback,shared invalidation,medium,0,0,0,2,1,2,2,false,true,false,imports:3; uses shell bundle; shared loaders:1; promiseAll:2; timeout path,"Dynamic route converted with placeholder ""example"""
page,/broadcasts/[id]/edit,/broadcasts/example/edit,true,http://localhost:3000/broadcasts/example/edit,http://localhost:3000/broadcasts/example/edit,http://demo.localhost:3000/broadcasts/example/edit,http://admin.localhost:3000/broadcasts/example/edit,apps/web/src/app/(main)/broadcasts/[id]/edit/page.tsx,main,shared page-data cache,org-wide aggregate,timeout fallback,shared invalidation,medium,0,0,0,2,1,2,2,false,true,false,imports:3; uses shell bundle; shared loaders:1; promiseAll:2; timeout path,"Dynamic route converted with placeholder ""example"""
page,/calendar,/calendar,false,http://localhost:3000/calendar,http://localhost:3000/calendar,http://demo.localhost:3000/calendar,http://admin.localhost:3000/calendar,apps/web/src/app/(main)/calendar/page.tsx,main,direct query,single,none,none,medium,2,0,2,0,0,0,0,false,false,false,imports:1; direct reads:2,
page,/dashboard,/dashboard,false,http://localhost:3000/dashboard,http://localhost:3000/dashboard,http://demo.localhost:3000/dashboard,http://admin.localhost:3000/dashboard,apps/web/src/app/(main)/dashboard/page.tsx,main,mixed,fan-out,timeout fallback,mixed,high,1,0,1,1,1,1,11,false,true,false,imports:3; uses shell bundle; direct reads:1; promiseAll:1; timeout path,
page,/discount,/discount,false,http://localhost:3000/discount,http://localhost:3000/discount,http://demo.localhost:3000/discount,http://admin.localhost:3000/discount,apps/web/src/app/(main)/discount/page.tsx,main,direct query,single,none,none,medium,2,0,2,0,0,0,0,false,false,false,direct reads:2,
page,/discount/scan,/discount/scan,false,http://localhost:3000/discount/scan,http://localhost:3000/discount/scan,http://demo.localhost:3000/discount/scan,http://admin.localhost:3000/discount/scan,apps/web/src/app/(main)/discount/scan/page.tsx,main,direct query,single,none,none,medium,1,0,1,0,0,0,0,false,false,false,direct reads:1,
page,/finance,/finance,false,http://localhost:3000/finance,http://localhost:3000/finance,http://demo.localhost:3000/finance,http://admin.localhost:3000/finance,apps/web/src/app/(main)/finance/page.tsx,main,direct query,single,none,none,medium,1,0,1,0,0,0,0,false,false,false,imports:1; direct reads:1,
page,/finance/attendance-settings,/finance/attendance-settings,false,http://localhost:3000/finance/attendance-settings,http://localhost:3000/finance/attendance-settings,http://demo.localhost:3000/finance/attendance-settings,http://admin.localhost:3000/finance/attendance-settings,apps/web/src/app/(main)/finance/attendance-settings/page.tsx,main,direct query,single,none,none,medium,1,0,1,0,0,0,0,false,false,false,imports:1; direct reads:1,
page,/finance/timesheets,/finance/timesheets,false,http://localhost:3000/finance/timesheets,http://localhost:3000/finance/timesheets,http://demo.localhost:3000/finance/timesheets,http://admin.localhost:3000/finance/timesheets,apps/web/src/app/(main)/finance/timesheets/page.tsx,main,direct query,single,none,none,medium,1,0,1,0,0,0,0,false,false,false,imports:1; direct reads:1,
page,/finance/wagesheets,/finance/wagesheets,false,http://localhost:3000/finance/wagesheets,http://localhost:3000/finance/wagesheets,http://demo.localhost:3000/finance/wagesheets,http://admin.localhost:3000/finance/wagesheets,apps/web/src/app/(main)/finance/wagesheets/page.tsx,main,direct query,single,none,none,medium,1,0,1,0,0,0,0,false,false,false,imports:1; direct reads:1,
page,/forgot-password,/forgot-password,false,http://localhost:3000/forgot-password,http://localhost:3000/forgot-password,http://demo.localhost:3000/forgot-password,http://admin.localhost:3000/forgot-password,apps/web/src/app/(auth)/forgot-password/page.tsx,auth,none,none,none,unclear,low,0,0,0,0,0,0,0,false,false,false,,
page,/founders,/founders,false,http://admin.localhost:3000/founders,http://localhost:3000/founders,http://demo.localhost:3000/founders,http://admin.localhost:3000/founders,apps/web/src/app/(founders)/founders/page.tsx,founders,direct query,fan-out,none,none,medium,8,7,1,0,0,2,0,false,false,false,imports:1; direct reads:8; promiseAll:2,
page,/hr,/hr,false,http://localhost:3000/hr,http://localhost:3000/hr,http://demo.localhost:3000/hr,http://admin.localhost:3000/hr,apps/web/src/app/(main)/hr/page.tsx,hr,shell bundle,org-wide aggregate,timeout fallback + manual local cache,shared invalidation,high,0,0,0,1,1,1,0,true,true,false,imports:1; uses shell bundle; promiseAll:1; local Map cache; timeout path,
page,/hr/absence-reporting,/hr/absence-reporting,false,http://localhost:3000/hr/absence-reporting,http://localhost:3000/hr/absence-reporting,http://demo.localhost:3000/hr/absence-reporting,http://admin.localhost:3000/hr/absence-reporting,apps/web/src/app/(main)/hr/absence-reporting/page.tsx,hr,none,none,none,unclear,low,0,0,0,0,0,0,0,false,false,false,,
page,/hr/applications,/hr/applications,false,http://localhost:3000/hr/applications,http://localhost:3000/hr/applications,http://demo.localhost:3000/hr/applications,http://admin.localhost:3000/hr/applications,apps/web/src/app/(main)/hr/applications/page.tsx,hr,none,none,none,unclear,low,0,0,0,0,0,0,0,false,false,false,,
page,/hr/attendance-settings,/hr/attendance-settings,false,http://localhost:3000/hr/attendance-settings,http://localhost:3000/hr/attendance-settings,http://demo.localhost:3000/hr/attendance-settings,http://admin.localhost:3000/hr/attendance-settings,apps/web/src/app/(main)/hr/attendance-settings/page.tsx,hr,none,none,none,unclear,low,0,0,0,0,0,0,0,false,false,false,,
page,/hr/custom-fields,/hr/custom-fields,false,http://localhost:3000/hr/custom-fields,http://localhost:3000/hr/custom-fields,http://demo.localhost:3000/hr/custom-fields,http://admin.localhost:3000/hr/custom-fields,apps/web/src/app/(main)/hr/custom-fields/page.tsx,hr,none,none,none,unclear,low,0,0,0,0,0,0,0,false,false,false,,
page,/hr/finance,/hr/finance,false,http://localhost:3000/hr/finance,http://localhost:3000/hr/finance,http://demo.localhost:3000/hr/finance,http://admin.localhost:3000/hr/finance,apps/web/src/app/(main)/hr/finance/page.tsx,hr,none,none,none,unclear,low,0,0,0,0,0,0,0,false,false,false,,
page,/hr/hiring,/hr/hiring,false,http://localhost:3000/hr/hiring,http://localhost:3000/hr/hiring,http://demo.localhost:3000/hr/hiring,http://admin.localhost:3000/hr/hiring,apps/web/src/app/(main)/hr/hiring/page.tsx,hr,shell bundle,org-wide aggregate,timeout fallback + manual local cache,shared invalidation,high,0,0,0,1,1,1,0,true,true,false,imports:1; uses shell bundle; promiseAll:1; local Map cache; timeout path,
page,/hr/hiring/application-forms,/hr/hiring/application-forms,false,http://localhost:3000/hr/hiring/application-forms,http://localhost:3000/hr/hiring/application-forms,http://demo.localhost:3000/hr/hiring/application-forms,http://admin.localhost:3000/hr/hiring/application-forms,apps/web/src/app/(main)/hr/hiring/application-forms/page.tsx,hr,shared page-data cache,org-wide aggregate,timeout fallback,shared invalidation,medium,0,0,0,2,1,2,0,false,true,false,imports:2; uses shell bundle; shared loaders:1; promiseAll:2; timeout path,
page,/hr/hiring/application-forms/[id]/edit,/hr/hiring/application-forms/example/edit,true,http://localhost:3000/hr/hiring/application-forms/example/edit,http://localhost:3000/hr/hiring/application-forms/example/edit,http://demo.localhost:3000/hr/hiring/application-forms/example/edit,http://admin.localhost:3000/hr/hiring/application-forms/example/edit,apps/web/src/app/(main)/hr/hiring/application-forms/[id]/edit/page.tsx,hr,direct query,fan-out,none,none,high,6,0,6,0,0,1,0,false,false,false,direct reads:6; promiseAll:1,"Dynamic route converted with placeholder ""example"""
page,/hr/hiring/application-forms/[id]/preview,/hr/hiring/application-forms/example/preview,true,http://localhost:3000/hr/hiring/application-forms/example/preview,http://localhost:3000/hr/hiring/application-forms/example/preview,http://demo.localhost:3000/hr/hiring/application-forms/example/preview,http://admin.localhost:3000/hr/hiring/application-forms/example/preview,apps/web/src/app/(main)/hr/hiring/application-forms/[id]/preview/page.tsx,hr,shared page-data cache,org-wide aggregate,timeout fallback,shared invalidation,medium,0,0,0,2,1,2,0,false,true,false,imports:2; uses shell bundle; shared loaders:1; promiseAll:2; timeout path,"Dynamic route converted with placeholder ""example"""
page,/hr/hiring/applications,/hr/hiring/applications,false,http://localhost:3000/hr/hiring/applications,http://localhost:3000/hr/hiring/applications,http://demo.localhost:3000/hr/hiring/applications,http://admin.localhost:3000/hr/hiring/applications,apps/web/src/app/(main)/hr/hiring/applications/page.tsx,hr,none,none,none,unclear,low,0,0,0,0,0,0,0,false,false,false,,
page,/hr/hiring/interviews,/hr/hiring/interviews,false,http://localhost:3000/hr/hiring/interviews,http://localhost:3000/hr/hiring/interviews,http://demo.localhost:3000/hr/hiring/interviews,http://admin.localhost:3000/hr/hiring/interviews,apps/web/src/app/(main)/hr/hiring/interviews/page.tsx,hr,none,none,none,unclear,low,0,0,0,0,0,0,0,false,false,false,,
page,/hr/hiring/jobs,/hr/hiring/jobs,false,http://localhost:3000/hr/hiring/jobs,http://localhost:3000/hr/hiring/jobs,http://demo.localhost:3000/hr/hiring/jobs,http://admin.localhost:3000/hr/hiring/jobs,apps/web/src/app/(main)/hr/hiring/jobs/page.tsx,hr,none,none,none,unclear,low,0,0,0,0,0,0,0,false,false,false,,
page,/hr/hiring/new-request,/hr/hiring/new-request,false,http://localhost:3000/hr/hiring/new-request,http://localhost:3000/hr/hiring/new-request,http://demo.localhost:3000/hr/hiring/new-request,http://admin.localhost:3000/hr/hiring/new-request,apps/web/src/app/(main)/hr/hiring/new-request/page.tsx,hr,shared page-data cache,org-wide aggregate,timeout fallback,shared invalidation,medium,0,0,0,3,1,3,0,false,true,false,imports:2; uses shell bundle; shared loaders:2; promiseAll:3; timeout path,
page,/hr/hiring/requests,/hr/hiring/requests,false,http://localhost:3000/hr/hiring/requests,http://localhost:3000/hr/hiring/requests,http://demo.localhost:3000/hr/hiring/requests,http://admin.localhost:3000/hr/hiring/requests,apps/web/src/app/(main)/hr/hiring/requests/page.tsx,hr,none,none,none,unclear,low,0,0,0,0,0,0,0,false,false,false,,
page,/hr/hiring/requests/[id],/hr/hiring/requests/example,true,http://localhost:3000/hr/hiring/requests/example,http://localhost:3000/hr/hiring/requests/example,http://demo.localhost:3000/hr/hiring/requests/example,http://admin.localhost:3000/hr/hiring/requests/example,apps/web/src/app/(main)/hr/hiring/requests/[id]/page.tsx,hr,none,none,none,unclear,low,0,0,0,0,0,0,0,false,false,false,,"Dynamic route converted with placeholder ""example"""
page,/hr/hiring/templates,/hr/hiring/templates,false,http://localhost:3000/hr/hiring/templates,http://localhost:3000/hr/hiring/templates,http://demo.localhost:3000/hr/hiring/templates,http://admin.localhost:3000/hr/hiring/templates,apps/web/src/app/(main)/hr/hiring/templates/page.tsx,hr,none,none,none,unclear,low,0,0,0,0,0,0,0,false,false,false,,
page,/hr/hr-metric-alerts,/hr/hr-metric-alerts,false,http://localhost:3000/hr/hr-metric-alerts,http://localhost:3000/hr/hr-metric-alerts,http://demo.localhost:3000/hr/hr-metric-alerts,http://admin.localhost:3000/hr/hr-metric-alerts,apps/web/src/app/(main)/hr/hr-metric-alerts/page.tsx,hr,shared page-data cache,org-wide aggregate,timeout fallback,shared invalidation,medium,0,0,0,2,1,1,0,false,true,false,imports:2; uses shell bundle; shared loaders:1; promiseAll:1; timeout path,
page,/hr/interviews,/hr/interviews,false,http://localhost:3000/hr/interviews,http://localhost:3000/hr/interviews,http://demo.localhost:3000/hr/interviews,http://admin.localhost:3000/hr/interviews,apps/web/src/app/(main)/hr/interviews/page.tsx,hr,none,none,none,unclear,low,0,0,0,0,0,0,0,false,false,false,,
page,/hr/jobs,/hr/jobs,false,http://localhost:3000/hr/jobs,http://localhost:3000/hr/jobs,http://demo.localhost:3000/hr/jobs,http://admin.localhost:3000/hr/jobs,apps/web/src/app/(main)/hr/jobs/page.tsx,hr,none,none,none,unclear,low,0,0,0,0,0,0,0,false,false,false,,
page,/hr/jobs/[id]/admin-legal,/hr/jobs/example/admin-legal,true,http://localhost:3000/hr/jobs/example/admin-legal,http://localhost:3000/hr/jobs/example/admin-legal,http://demo.localhost:3000/hr/jobs/example/admin-legal,http://admin.localhost:3000/hr/jobs/example/admin-legal,apps/web/src/app/(main)/hr/jobs/[id]/admin-legal/page.tsx,hr,none,none,none,unclear,low,0,0,0,0,0,0,0,false,false,false,,"Dynamic route converted with placeholder ""example"""
page,/hr/jobs/[id]/applications,/hr/jobs/example/applications,true,http://localhost:3000/hr/jobs/example/applications,http://localhost:3000/hr/jobs/example/applications,http://demo.localhost:3000/hr/jobs/example/applications,http://admin.localhost:3000/hr/jobs/example/applications,apps/web/src/app/(main)/hr/jobs/[id]/applications/page.tsx,hr,none,none,none,unclear,low,0,0,0,0,0,0,0,false,false,false,,"Dynamic route converted with placeholder ""example"""
page,/hr/jobs/[id]/edit,/hr/jobs/example/edit,true,http://localhost:3000/hr/jobs/example/edit,http://localhost:3000/hr/jobs/example/edit,http://demo.localhost:3000/hr/jobs/example/edit,http://admin.localhost:3000/hr/jobs/example/edit,apps/web/src/app/(main)/hr/jobs/[id]/edit/page.tsx,hr,none,none,none,unclear,low,0,0,0,0,0,0,0,false,false,false,,"Dynamic route converted with placeholder ""example"""
page,/hr/jobs/[id]/preview,/hr/jobs/example/preview,true,http://localhost:3000/hr/jobs/example/preview,http://localhost:3000/hr/jobs/example/preview,http://demo.localhost:3000/hr/jobs/example/preview,http://admin.localhost:3000/hr/jobs/example/preview,apps/web/src/app/(main)/hr/jobs/[id]/preview/page.tsx,hr,direct query,bounded detail,none,none,medium,2,0,2,0,0,0,0,false,false,false,direct reads:2,"Dynamic route converted with placeholder ""example"""
page,/hr/leave,/hr/leave,false,http://localhost:3000/hr/leave,http://localhost:3000/hr/leave,http://demo.localhost:3000/hr/leave,http://admin.localhost:3000/hr/leave,apps/web/src/app/(main)/hr/leave/page.tsx,hr,none,none,none,unclear,low,0,0,0,0,0,0,0,false,false,false,,
page,/hr/offer-templates,/hr/offer-templates,false,http://localhost:3000/hr/offer-templates,http://localhost:3000/hr/offer-templates,http://demo.localhost:3000/hr/offer-templates,http://admin.localhost:3000/hr/offer-templates,apps/web/src/app/(main)/hr/offer-templates/page.tsx,hr,none,none,none,unclear,low,0,0,0,0,0,0,0,false,false,false,,
page,/hr/offer-templates/[id]/edit,/hr/offer-templates/example/edit,true,http://localhost:3000/hr/offer-templates/example/edit,http://localhost:3000/hr/offer-templates/example/edit,http://demo.localhost:3000/hr/offer-templates/example/edit,http://admin.localhost:3000/hr/offer-templates/example/edit,apps/web/src/app/(main)/hr/offer-templates/[id]/edit/page.tsx,hr,none,none,none,unclear,low,0,0,0,0,0,0,0,false,false,false,,"Dynamic route converted with placeholder ""example"""
page,/hr/offer-templates/new,/hr/offer-templates/new,false,http://localhost:3000/hr/offer-templates/new,http://localhost:3000/hr/offer-templates/new,http://demo.localhost:3000/hr/offer-templates/new,http://admin.localhost:3000/hr/offer-templates/new,apps/web/src/app/(main)/hr/offer-templates/new/page.tsx,hr,none,none,none,unclear,low,0,0,0,0,0,0,0,false,false,false,,
page,/hr/onboarding,/hr/onboarding,false,http://localhost:3000/hr/onboarding,http://localhost:3000/hr/onboarding,http://demo.localhost:3000/hr/onboarding,http://admin.localhost:3000/hr/onboarding,apps/web/src/app/(main)/hr/onboarding/page.tsx,hr,none,none,none,unclear,low,0,0,0,0,0,0,0,false,false,false,,
page,/hr/onboarding/[runId],/hr/onboarding/example,true,http://localhost:3000/hr/onboarding/example,http://localhost:3000/hr/onboarding/example,http://demo.localhost:3000/hr/onboarding/example,http://admin.localhost:3000/hr/onboarding/example,apps/web/src/app/(main)/hr/onboarding/[runId]/page.tsx,hr,none,none,none,unclear,low,0,0,0,0,0,0,0,false,false,false,,"Dynamic route converted with placeholder ""example"""
page,/hr/one-on-ones,/hr/one-on-ones,false,http://localhost:3000/hr/one-on-ones,http://localhost:3000/hr/one-on-ones,http://demo.localhost:3000/hr/one-on-ones,http://admin.localhost:3000/hr/one-on-ones,apps/web/src/app/(main)/hr/one-on-ones/page.tsx,hr,none,none,none,unclear,low,0,0,0,0,0,0,0,false,false,false,,
page,/hr/org-chart,/hr/org-chart,false,http://localhost:3000/hr/org-chart,http://localhost:3000/hr/org-chart,http://demo.localhost:3000/hr/org-chart,http://admin.localhost:3000/hr/org-chart,apps/web/src/app/(main)/hr/org-chart/page.tsx,hr,none,none,none,unclear,low,0,0,0,0,0,0,0,false,false,false,,
page,/hr/performance,/hr/performance,false,http://localhost:3000/hr/performance,http://localhost:3000/hr/performance,http://demo.localhost:3000/hr/performance,http://admin.localhost:3000/hr/performance,apps/web/src/app/(main)/hr/performance/page.tsx,hr,none,none,none,unclear,low,0,0,0,0,0,0,0,false,false,false,,
page,/hr/performance/[cycleId],/hr/performance/example,true,http://localhost:3000/hr/performance/example,http://localhost:3000/hr/performance/example,http://demo.localhost:3000/hr/performance/example,http://admin.localhost:3000/hr/performance/example,apps/web/src/app/(main)/hr/performance/[cycleId]/page.tsx,hr,none,none,none,unclear,low,0,0,0,0,0,0,0,false,false,false,,"Dynamic route converted with placeholder ""example"""
page,/hr/records,/hr/records,false,http://localhost:3000/hr/records,http://localhost:3000/hr/records,http://demo.localhost:3000/hr/records,http://admin.localhost:3000/hr/records,apps/web/src/app/(main)/hr/records/page.tsx,hr,none,none,none,unclear,low,0,0,0,0,0,0,0,false,false,false,,
page,/hr/records/[userId],/hr/records/example,true,http://localhost:3000/hr/records/example,http://localhost:3000/hr/records/example,http://demo.localhost:3000/hr/records/example,http://admin.localhost:3000/hr/records/example,apps/web/src/app/(main)/hr/records/[userId]/page.tsx,hr,none,none,none,unclear,low,0,0,0,0,0,0,0,false,false,false,,"Dynamic route converted with placeholder ""example"""
page,/hr/recruitment,/hr/recruitment,false,http://localhost:3000/hr/recruitment,http://localhost:3000/hr/recruitment,http://demo.localhost:3000/hr/recruitment,http://admin.localhost:3000/hr/recruitment,apps/web/src/app/(main)/hr/recruitment/page.tsx,hr,shared page-data cache,org-wide aggregate,timeout fallback,shared invalidation,medium,0,0,0,3,1,3,1,false,true,false,imports:3; uses shell bundle; shared loaders:2; promiseAll:3; timeout path,
page,/hr/timesheets,/hr/timesheets,false,http://localhost:3000/hr/timesheets,http://localhost:3000/hr/timesheets,http://demo.localhost:3000/hr/timesheets,http://admin.localhost:3000/hr/timesheets,apps/web/src/app/(main)/hr/timesheets/page.tsx,hr,none,none,none,unclear,low,0,0,0,0,0,0,0,false,false,false,,
page,/hr/wagesheets,/hr/wagesheets,false,http://localhost:3000/hr/wagesheets,http://localhost:3000/hr/wagesheets,http://demo.localhost:3000/hr/wagesheets,http://admin.localhost:3000/hr/wagesheets,apps/web/src/app/(main)/hr/wagesheets/page.tsx,hr,none,none,none,unclear,low,0,0,0,0,0,0,0,false,false,false,,
page,/jobs,/jobs,false,http://demo.localhost:3000/jobs,http://localhost:3000/jobs,http://demo.localhost:3000/jobs,http://admin.localhost:3000/jobs,apps/web/src/app/(public)/jobs/page.tsx,public,shared page-data cache,fan-out,none,shared invalidation,medium,0,0,0,1,0,1,0,false,false,false,imports:1; shared loaders:1; promiseAll:1,
page,/jobs/[slug],/jobs/example,true,http://demo.localhost:3000/jobs/example,http://localhost:3000/jobs/example,http://demo.localhost:3000/jobs/example,http://admin.localhost:3000/jobs/example,apps/web/src/app/(public)/jobs/[slug]/page.tsx,public,direct query,fan-out,none,none,low,6,2,4,0,0,0,0,false,false,false,direct reads:6,"Dynamic route converted with placeholder ""example"""
page,/jobs/[slug]/apply,/jobs/example/apply,true,http://demo.localhost:3000/jobs/example/apply,http://localhost:3000/jobs/example/apply,http://demo.localhost:3000/jobs/example/apply,http://admin.localhost:3000/jobs/example/apply,apps/web/src/app/(public)/jobs/[slug]/apply/page.tsx,public,direct query,fan-out,none,none,low,5,4,1,0,0,1,0,false,false,false,direct reads:5; promiseAll:1,"Dynamic route converted with placeholder ""example"""
page,/jobs/forgot-password,/jobs/forgot-password,false,http://demo.localhost:3000/jobs/forgot-password,http://localhost:3000/jobs/forgot-password,http://demo.localhost:3000/jobs/forgot-password,http://admin.localhost:3000/jobs/forgot-password,apps/web/src/app/(public)/jobs/forgot-password/page.tsx,public,direct query,single,none,none,low,1,0,1,0,0,0,0,false,false,false,direct reads:1,
page,/jobs/login,/jobs/login,false,http://demo.localhost:3000/jobs/login,http://localhost:3000/jobs/login,http://demo.localhost:3000/jobs/login,http://admin.localhost:3000/jobs/login,apps/web/src/app/(public)/jobs/login/page.tsx,public,direct query,single,none,none,low,1,0,1,0,0,0,0,false,false,false,direct reads:1,
page,/jobs/me,/jobs/me,false,http://demo.localhost:3000/jobs/me,http://localhost:3000/jobs/me,http://demo.localhost:3000/jobs/me,http://admin.localhost:3000/jobs/me,apps/web/src/app/(public)/jobs/me/page.tsx,public,direct query,single,none,none,low,2,1,1,0,0,0,0,false,false,false,direct reads:2,
page,/jobs/me/[applicationId],/jobs/me/example,true,http://demo.localhost:3000/jobs/me/example,http://localhost:3000/jobs/me/example,http://demo.localhost:3000/jobs/me/example,http://admin.localhost:3000/jobs/me/example,apps/web/src/app/(public)/jobs/me/[applicationId]/page.tsx,public,direct query,bounded detail,none,none,low,2,1,1,0,0,0,0,false,false,false,direct reads:2,"Dynamic route converted with placeholder ""example"""
page,/jobs/me/profile,/jobs/me/profile,false,http://demo.localhost:3000/jobs/me/profile,http://localhost:3000/jobs/me/profile,http://demo.localhost:3000/jobs/me/profile,http://admin.localhost:3000/jobs/me/profile,apps/web/src/app/(public)/jobs/me/profile/page.tsx,public,direct query,single,none,none,low,2,0,2,0,0,0,0,false,false,false,direct reads:2,
page,/jobs/offer-sign/[token],/jobs/offer-sign/example,true,http://demo.localhost:3000/jobs/offer-sign/example,http://localhost:3000/jobs/offer-sign/example,http://demo.localhost:3000/jobs/offer-sign/example,http://admin.localhost:3000/jobs/offer-sign/example,apps/web/src/app/(public)/jobs/offer-sign/[token]/page.tsx,public,direct query,bounded detail,none,none,low,3,2,1,0,0,0,0,false,false,false,direct reads:3,"Dynamic route converted with placeholder ""example"""
page,/jobs/register,/jobs/register,false,http://demo.localhost:3000/jobs/register,http://localhost:3000/jobs/register,http://demo.localhost:3000/jobs/register,http://admin.localhost:3000/jobs/register,apps/web/src/app/(public)/jobs/register/page.tsx,public,direct query,single,none,none,low,1,0,1,0,0,0,0,false,false,false,direct reads:1,
page,/jobs/status/[token],/jobs/status/example,true,http://demo.localhost:3000/jobs/status/example,http://localhost:3000/jobs/status/example,http://demo.localhost:3000/jobs/status/example,http://admin.localhost:3000/jobs/status/example,apps/web/src/app/(public)/jobs/status/[token]/page.tsx,public,direct query,bounded detail,none,none,low,3,2,1,0,0,0,0,false,false,false,direct reads:3,"Dynamic route converted with placeholder ""example"""
api,/jobs/status/new/[applicationId],/jobs/status/new/example,true,http://demo.localhost:3000/jobs/status/new/example,http://localhost:3000/jobs/status/new/example,http://demo.localhost:3000/jobs/status/new/example,http://admin.localhost:3000/jobs/status/new/example,apps/web/src/app/(public)/jobs/status/new/[applicationId]/route.ts,public,n/a,n/a,n/a,n/a,low,0,0,0,0,0,0,0,false,false,false,API route,"Dynamic route converted with placeholder ""example"""
page,/leave,/leave,false,http://localhost:3000/leave,http://localhost:3000/leave,http://demo.localhost:3000/leave,http://admin.localhost:3000/leave,apps/web/src/app/(main)/leave/page.tsx,main,shared page-data cache,org-wide aggregate,timeout fallback,shared invalidation,medium,0,0,0,2,1,2,0,false,true,false,imports:2; uses shell bundle; shared loaders:1; promiseAll:2; timeout path,
page,/legal/data-processing,/legal/data-processing,false,http://localhost:3000/legal/data-processing,http://localhost:3000/legal/data-processing,http://demo.localhost:3000/legal/data-processing,http://admin.localhost:3000/legal/data-processing,apps/web/src/app/legal/data-processing/page.tsx,root,none,none,none,unclear,low,0,0,0,0,0,0,0,false,false,false,imports:1,
page,/login,/login,false,http://localhost:3000/login,http://localhost:3000/login,http://demo.localhost:3000/login,http://admin.localhost:3000/login,apps/web/src/app/(auth)/login/page.tsx,auth,none,none,none,unclear,low,0,0,0,0,0,0,0,false,false,false,,
page,/maintenance,/maintenance,false,http://localhost:3000/maintenance,http://localhost:3000/maintenance,http://demo.localhost:3000/maintenance,http://admin.localhost:3000/maintenance,apps/web/src/app/(main)/maintenance/page.tsx,main,none,none,none,unclear,low,0,0,0,0,0,0,0,false,false,false,,
page,/manager,/manager,false,http://localhost:3000/manager,http://localhost:3000/manager,http://demo.localhost:3000/manager,http://admin.localhost:3000/manager,apps/web/src/app/(main)/manager/page.tsx,manager,shared page-data cache,org-wide aggregate,timeout fallback,shared invalidation,medium,0,0,0,2,1,2,6,false,true,false,imports:3; uses shell bundle; shared loaders:1; promiseAll:2; timeout path,
page,/manager/departments,/manager/departments,false,http://localhost:3000/manager/departments,http://localhost:3000/manager/departments,http://demo.localhost:3000/manager/departments,http://admin.localhost:3000/manager/departments,apps/web/src/app/(main)/manager/departments/page.tsx,manager,direct query,org-wide aggregate,none,none,high,1,0,1,0,0,1,15,false,false,false,imports:4; direct reads:1; promiseAll:1,
page,/manager/org-chart,/manager/org-chart,false,http://localhost:3000/manager/org-chart,http://localhost:3000/manager/org-chart,http://demo.localhost:3000/manager/org-chart,http://admin.localhost:3000/manager/org-chart,apps/web/src/app/(main)/manager/org-chart/page.tsx,manager,direct query,single,none,none,medium,2,1,1,0,0,0,0,false,false,false,imports:1; direct reads:2,
page,/manager/recruitment,/manager/recruitment,false,http://localhost:3000/manager/recruitment,http://localhost:3000/manager/recruitment,http://demo.localhost:3000/manager/recruitment,http://admin.localhost:3000/manager/recruitment,apps/web/src/app/(main)/manager/recruitment/page.tsx,manager,none,none,none,unclear,low,0,0,0,0,0,0,0,false,false,false,,
page,/manager/sub-teams,/manager/sub-teams,false,http://localhost:3000/manager/sub-teams,http://localhost:3000/manager/sub-teams,http://demo.localhost:3000/manager/sub-teams,http://admin.localhost:3000/manager/sub-teams,apps/web/src/app/(main)/manager/sub-teams/page.tsx,manager,none,none,none,unclear,low,0,0,0,0,0,0,0,false,false,false,,
page,/manager/system-overview,/manager/system-overview,false,http://localhost:3000/manager/system-overview,http://localhost:3000/manager/system-overview,http://demo.localhost:3000/manager/system-overview,http://admin.localhost:3000/manager/system-overview,apps/web/src/app/(main)/manager/system-overview/page.tsx,manager,shared page-data cache,org-wide aggregate,timeout fallback,shared invalidation,medium,0,0,0,2,1,1,4,false,true,false,imports:3; uses shell bundle; shared loaders:1; promiseAll:1; timeout path,
page,/manager/teams,/manager/teams,false,http://localhost:3000/manager/teams,http://localhost:3000/manager/teams,http://demo.localhost:3000/manager/teams,http://admin.localhost:3000/manager/teams,apps/web/src/app/(main)/manager/teams/page.tsx,manager,direct query,org-wide aggregate,none,none,high,1,0,1,0,0,1,15,false,false,false,imports:4; direct reads:1; promiseAll:1,
page,/notifications/applications,/notifications/applications,false,http://localhost:3000/notifications/applications,http://localhost:3000/notifications/applications,http://demo.localhost:3000/notifications/applications,http://admin.localhost:3000/notifications/applications,apps/web/src/app/(main)/notifications/applications/page.tsx,main,shared page-data cache,org-wide aggregate,timeout fallback,shared invalidation,medium,0,0,0,2,1,1,0,false,true,false,imports:2; uses shell bundle; shared loaders:1; promiseAll:1; timeout path,
page,/notifications/calendar,/notifications/calendar,false,http://localhost:3000/notifications/calendar,http://localhost:3000/notifications/calendar,http://demo.localhost:3000/notifications/calendar,http://admin.localhost:3000/notifications/calendar,apps/web/src/app/(main)/notifications/calendar/page.tsx,main,direct query,single,none,none,medium,2,1,1,0,0,0,0,false,false,false,direct reads:2,
page,/notifications/hr-metrics,/notifications/hr-metrics,false,http://localhost:3000/notifications/hr-metrics,http://localhost:3000/notifications/hr-metrics,http://demo.localhost:3000/notifications/hr-metrics,http://admin.localhost:3000/notifications/hr-metrics,apps/web/src/app/(main)/notifications/hr-metrics/page.tsx,main,direct query,single,none,none,medium,2,1,1,0,0,0,0,false,false,false,direct reads:2,
page,/notifications/leave,/notifications/leave,false,http://localhost:3000/notifications/leave,http://localhost:3000/notifications/leave,http://demo.localhost:3000/notifications/leave,http://admin.localhost:3000/notifications/leave,apps/web/src/app/(main)/notifications/leave/page.tsx,main,direct query,single,none,none,medium,2,1,1,0,0,0,0,false,false,false,direct reads:2,
page,/notifications/recruitment,/notifications/recruitment,false,http://localhost:3000/notifications/recruitment,http://localhost:3000/notifications/recruitment,http://demo.localhost:3000/notifications/recruitment,http://admin.localhost:3000/notifications/recruitment,apps/web/src/app/(main)/notifications/recruitment/page.tsx,main,direct query,single,none,none,medium,2,1,1,0,0,0,0,false,false,false,direct reads:2,
page,/onboarding,/onboarding,false,http://localhost:3000/onboarding,http://localhost:3000/onboarding,http://demo.localhost:3000/onboarding,http://admin.localhost:3000/onboarding,apps/web/src/app/(main)/onboarding/page.tsx,main,direct query,fan-out,none,none,high,3,0,3,0,0,1,0,false,false,false,imports:1; direct reads:3; promiseAll:1,
page,/one-on-ones,/one-on-ones,false,http://localhost:3000/one-on-ones,http://localhost:3000/one-on-ones,http://demo.localhost:3000/one-on-ones,http://admin.localhost:3000/one-on-ones,apps/web/src/app/(main)/one-on-ones/page.tsx,main,direct query,single,none,none,medium,3,1,2,0,0,0,0,false,false,false,imports:1; direct reads:3,
page,/one-on-ones/[meetingId],/one-on-ones/example,true,http://localhost:3000/one-on-ones/example,http://localhost:3000/one-on-ones/example,http://demo.localhost:3000/one-on-ones/example,http://admin.localhost:3000/one-on-ones/example,apps/web/src/app/(main)/one-on-ones/[meetingId]/page.tsx,main,direct query,bounded detail,none,none,medium,3,2,1,0,0,0,0,false,false,false,imports:1; direct reads:3,"Dynamic route converted with placeholder ""example"""
page,/org-locked,/org-locked,false,http://localhost:3000/org-locked,http://localhost:3000/org-locked,http://demo.localhost:3000/org-locked,http://admin.localhost:3000/org-locked,apps/web/src/app/(main)/org-locked/page.tsx,main,none,none,none,unclear,low,0,0,0,0,0,0,0,false,false,false,,
page,/pending,/pending,false,http://localhost:3000/pending,http://localhost:3000/pending,http://demo.localhost:3000/pending,http://admin.localhost:3000/pending,apps/web/src/app/(main)/pending/page.tsx,main,direct query,fan-out,none,none,high,4,0,4,0,0,0,0,false,false,false,direct reads:4,
page,/pending-approvals,/pending-approvals,false,http://localhost:3000/pending-approvals,http://localhost:3000/pending-approvals,http://demo.localhost:3000/pending-approvals,http://admin.localhost:3000/pending-approvals,apps/web/src/app/(main)/pending-approvals/page.tsx,main,direct query,single,none,none,medium,1,0,1,0,0,0,5,false,false,false,imports:2; direct reads:1,
page,/performance,/performance,false,http://localhost:3000/performance,http://localhost:3000/performance,http://demo.localhost:3000/performance,http://admin.localhost:3000/performance,apps/web/src/app/(main)/performance/page.tsx,main,direct query,fan-out,none,none,high,4,0,4,0,0,0,0,false,false,false,imports:1; direct reads:4,
page,/performance/[reviewId],/performance/example,true,http://localhost:3000/performance/example,http://localhost:3000/performance/example,http://demo.localhost:3000/performance/example,http://admin.localhost:3000/performance/example,apps/web/src/app/(main)/performance/[reviewId]/page.tsx,main,shared page-data cache,org-wide aggregate,timeout fallback,shared invalidation,medium,0,0,0,2,1,2,0,false,true,false,imports:2; uses shell bundle; shared loaders:1; promiseAll:2; timeout path,"Dynamic route converted with placeholder ""example"""
page,/privacy,/privacy,false,http://localhost:3000/privacy,http://localhost:3000/privacy,http://demo.localhost:3000/privacy,http://admin.localhost:3000/privacy,apps/web/src/app/privacy/page.tsx,root,none,none,none,unclear,low,0,0,0,0,0,0,0,false,false,false,imports:1,
page,/profile,/profile,false,http://localhost:3000/profile,http://localhost:3000/profile,http://demo.localhost:3000/profile,http://admin.localhost:3000/profile,apps/web/src/app/(main)/profile/page.tsx,main,shell bundle,org-wide aggregate,timeout fallback + manual local cache,shared invalidation,high,0,0,0,1,1,1,1,true,true,false,imports:3; uses shell bundle; promiseAll:1; local Map cache; timeout path,
page,/profile/hr,/profile/hr,false,http://localhost:3000/profile/hr,http://localhost:3000/profile/hr,http://demo.localhost:3000/profile/hr,http://admin.localhost:3000/profile/hr,apps/web/src/app/(main)/profile/hr/page.tsx,main,none,none,none,unclear,low,0,0,0,0,0,0,0,false,false,false,,
page,/register,/register,false,http://localhost:3000/register,http://localhost:3000/register,http://demo.localhost:3000/register,http://admin.localhost:3000/register,apps/web/src/app/(auth)/register/page.tsx,auth,none,none,none,unclear,low,0,0,0,0,0,0,0,false,false,false,imports:1,
page,/register/done,/register/done,false,http://localhost:3000/register/done,http://localhost:3000/register/done,http://demo.localhost:3000/register/done,http://admin.localhost:3000/register/done,apps/web/src/app/(auth)/register/done/page.tsx,auth,none,none,none,unclear,low,0,0,0,0,0,0,0,false,false,false,,
page,/reports,/reports,false,http://localhost:3000/reports,http://localhost:3000/reports,http://demo.localhost:3000/reports,http://admin.localhost:3000/reports,apps/web/src/app/(main)/reports/page.tsx,main,shell bundle,org-wide aggregate,timeout fallback + manual local cache,shared invalidation,high,0,0,0,1,1,1,0,true,true,false,imports:1; uses shell bundle; promiseAll:1; local Map cache; timeout path,
page,/resources,/resources,false,http://localhost:3000/resources,http://localhost:3000/resources,http://demo.localhost:3000/resources,http://admin.localhost:3000/resources,apps/web/src/app/(main)/resources/page.tsx,main,direct query,single,none,none,medium,1,0,1,0,0,0,0,false,false,false,imports:1; direct reads:1,
page,/resources/[id],/resources/example,true,http://localhost:3000/resources/example,http://localhost:3000/resources/example,http://demo.localhost:3000/resources/example,http://admin.localhost:3000/resources/example,apps/web/src/app/(main)/resources/[id]/page.tsx,main,direct query,bounded detail,none,none,medium,3,0,3,0,0,0,0,false,false,false,imports:1; direct reads:3,"Dynamic route converted with placeholder ""example"""
page,/resources/new,/resources/new,false,http://localhost:3000/resources/new,http://localhost:3000/resources/new,http://demo.localhost:3000/resources/new,http://admin.localhost:3000/resources/new,apps/web/src/app/(main)/resources/new/page.tsx,main,direct query,single,none,none,medium,1,0,1,0,0,0,0,false,false,false,imports:1; direct reads:1,
page,/rota,/rota,false,http://localhost:3000/rota,http://localhost:3000/rota,http://demo.localhost:3000/rota,http://admin.localhost:3000/rota,apps/web/src/app/(main)/rota/page.tsx,main,direct query,single,none,none,medium,2,0,2,0,0,0,0,false,false,false,direct reads:2,
page,/session-choice,/session-choice,false,http://localhost:3000/session-choice,http://localhost:3000/session-choice,http://demo.localhost:3000/session-choice,http://admin.localhost:3000/session-choice,apps/web/src/app/session-choice/page.tsx,root,direct query,single,none,none,low,2,0,2,0,0,0,0,false,false,false,direct reads:2,
page,/settings,/settings,false,http://localhost:3000/settings,http://localhost:3000/settings,http://demo.localhost:3000/settings,http://admin.localhost:3000/settings,apps/web/src/app/(main)/settings/page.tsx,main,direct query,fan-out,none,none,high,3,0,3,0,0,1,0,false,false,false,direct reads:3; promiseAll:1,
page,/settings/discount-tiers,/settings/discount-tiers,false,http://localhost:3000/settings/discount-tiers,http://localhost:3000/settings/discount-tiers,http://demo.localhost:3000/settings/discount-tiers,http://admin.localhost:3000/settings/discount-tiers,apps/web/src/app/(main)/settings/discount-tiers/page.tsx,main,direct query,single,none,none,medium,1,0,1,0,0,0,0,false,false,false,imports:1; direct reads:1,
page,/subscription-suspended,/subscription-suspended,false,http://localhost:3000/subscription-suspended,http://localhost:3000/subscription-suspended,http://demo.localhost:3000/subscription-suspended,http://admin.localhost:3000/subscription-suspended,apps/web/src/app/(main)/subscription-suspended/page.tsx,main,none,none,none,unclear,low,0,0,0,0,0,0,0,false,false,false,,
page,/terms,/terms,false,http://localhost:3000/terms,http://localhost:3000/terms,http://demo.localhost:3000/terms,http://admin.localhost:3000/terms,apps/web/src/app/terms/page.tsx,root,none,none,none,unclear,low,0,0,0,0,0,0,0,false,false,false,imports:1,
page,/trial-ended,/trial-ended,false,http://localhost:3000/trial-ended,http://localhost:3000/trial-ended,http://demo.localhost:3000/trial-ended,http://admin.localhost:3000/trial-ended,apps/web/src/app/(main)/trial-ended/page.tsx,main,none,none,none,unclear,low,0,0,0,0,0,0,0,false,false,false,,
