test_id,feature_area,route,primary_persona,role_matrix,access_control_checks,frontend_checks,priority,status,notes,expanded_role,expanded_case_id,execution_status,bug_id
QA-0001,Public Marketing,/,Public,Public|Candidate|Employee|Manager|HR|Finance|Admin|Founder|Locked,Nav visibility; direct URL behavior; redirect behavior,Render/no crash; responsive; keyboard nav; dead-link check,P0,NOT_TESTED,,Public,QA-0001-PUBLIC,NOT_TESTED,
QA-0001,Public Marketing,/,Public,Public|Candidate|Employee|Manager|HR|Finance|Admin|Founder|Locked,Nav visibility; direct URL behavior; redirect behavior,Render/no crash; responsive; keyboard nav; dead-link check,P0,NOT_TESTED,,Candidate,QA-0001-CANDIDATE,NOT_TESTED,
QA-0001,Public Marketing,/,Public,Public|Candidate|Employee|Manager|HR|Finance|Admin|Founder|Locked,Nav visibility; direct URL behavior; redirect behavior,Render/no crash; responsive; keyboard nav; dead-link check,P0,NOT_TESTED,,Employee,QA-0001-EMPLOYEE,NOT_TESTED,
QA-0001,Public Marketing,/,Public,Public|Candidate|Employee|Manager|HR|Finance|Admin|Founder|Locked,Nav visibility; direct URL behavior; redirect behavior,Render/no crash; responsive; keyboard nav; dead-link check,P0,NOT_TESTED,,Manager,QA-0001-MANAGER,NOT_TESTED,
QA-0001,Public Marketing,/,Public,Public|Candidate|Employee|Manager|HR|Finance|Admin|Founder|Locked,Nav visibility; direct URL behavior; redirect behavior,Render/no crash; responsive; keyboard nav; dead-link check,P0,NOT_TESTED,,HR,QA-0001-HR,NOT_TESTED,
QA-0001,Public Marketing,/,Public,Public|Candidate|Employee|Manager|HR|Finance|Admin|Founder|Locked,Nav visibility; direct URL behavior; redirect behavior,Render/no crash; responsive; keyboard nav; dead-link check,P0,NOT_TESTED,,Finance,QA-0001-FINANCE,NOT_TESTED,
QA-0001,Public Marketing,/,Public,Public|Candidate|Employee|Manager|HR|Finance|Admin|Founder|Locked,Nav visibility; direct URL behavior; redirect behavior,Render/no crash; responsive; keyboard nav; dead-link check,P0,NOT_TESTED,,Admin,QA-0001-ADMIN,NOT_TESTED,
QA-0001,Public Marketing,/,Public,Public|Candidate|Employee|Manager|HR|Finance|Admin|Founder|Locked,Nav visibility; direct URL behavior; redirect behavior,Render/no crash; responsive; keyboard nav; dead-link check,P0,NOT_TESTED,,Founder,QA-0001-FOUNDER,NOT_TESTED,
QA-0001,Public Marketing,/,Public,Public|Candidate|Employee|Manager|HR|Finance|Admin|Founder|Locked,Nav visibility; direct URL behavior; redirect behavior,Render/no crash; responsive; keyboard nav; dead-link check,P0,NOT_TESTED,,Locked,QA-0001-LOCKED,NOT_TESTED,
QA-0002,Public Marketing,/privacy,Public,Public|Candidate|Employee|Manager|HR|Finance|Admin|Founder|Locked,Public accessible; no auth requirement,Render content; links integrity; mobile layout,P1,NOT_TESTED,,Public,QA-0002-PUBLIC,NOT_TESTED,
QA-0002,Public Marketing,/privacy,Public,Public|Candidate|Employee|Manager|HR|Finance|Admin|Founder|Locked,Public accessible; no auth requirement,Render content; links integrity; mobile layout,P1,NOT_TESTED,,Candidate,QA-0002-CANDIDATE,NOT_TESTED,
QA-0002,Public Marketing,/privacy,Public,Public|Candidate|Employee|Manager|HR|Finance|Admin|Founder|Locked,Public accessible; no auth requirement,Render content; links integrity; mobile layout,P1,NOT_TESTED,,Employee,QA-0002-EMPLOYEE,NOT_TESTED,
QA-0002,Public Marketing,/privacy,Public,Public|Candidate|Employee|Manager|HR|Finance|Admin|Founder|Locked,Public accessible; no auth requirement,Render content; links integrity; mobile layout,P1,NOT_TESTED,,Manager,QA-0002-MANAGER,NOT_TESTED,
QA-0002,Public Marketing,/privacy,Public,Public|Candidate|Employee|Manager|HR|Finance|Admin|Founder|Locked,Public accessible; no auth requirement,Render content; links integrity; mobile layout,P1,NOT_TESTED,,HR,QA-0002-HR,NOT_TESTED,
QA-0002,Public Marketing,/privacy,Public,Public|Candidate|Employee|Manager|HR|Finance|Admin|Founder|Locked,Public accessible; no auth requirement,Render content; links integrity; mobile layout,P1,NOT_TESTED,,Finance,QA-0002-FINANCE,NOT_TESTED,
QA-0002,Public Marketing,/privacy,Public,Public|Candidate|Employee|Manager|HR|Finance|Admin|Founder|Locked,Public accessible; no auth requirement,Render content; links integrity; mobile layout,P1,NOT_TESTED,,Admin,QA-0002-ADMIN,NOT_TESTED,
QA-0002,Public Marketing,/privacy,Public,Public|Candidate|Employee|Manager|HR|Finance|Admin|Founder|Locked,Public accessible; no auth requirement,Render content; links integrity; mobile layout,P1,NOT_TESTED,,Founder,QA-0002-FOUNDER,NOT_TESTED,
QA-0002,Public Marketing,/privacy,Public,Public|Candidate|Employee|Manager|HR|Finance|Admin|Founder|Locked,Public accessible; no auth requirement,Render content; links integrity; mobile layout,P1,NOT_TESTED,,Locked,QA-0002-LOCKED,NOT_TESTED,
QA-0003,Public Marketing,/terms,Public,Public|Candidate|Employee|Manager|HR|Finance|Admin|Founder|Locked,Public accessible; no auth requirement,Render content; links integrity; mobile layout,P1,NOT_TESTED,,Public,QA-0003-PUBLIC,NOT_TESTED,
QA-0003,Public Marketing,/terms,Public,Public|Candidate|Employee|Manager|HR|Finance|Admin|Founder|Locked,Public accessible; no auth requirement,Render content; links integrity; mobile layout,P1,NOT_TESTED,,Candidate,QA-0003-CANDIDATE,NOT_TESTED,
QA-0003,Public Marketing,/terms,Public,Public|Candidate|Employee|Manager|HR|Finance|Admin|Founder|Locked,Public accessible; no auth requirement,Render content; links integrity; mobile layout,P1,NOT_TESTED,,Employee,QA-0003-EMPLOYEE,NOT_TESTED,
QA-0003,Public Marketing,/terms,Public,Public|Candidate|Employee|Manager|HR|Finance|Admin|Founder|Locked,Public accessible; no auth requirement,Render content; links integrity; mobile layout,P1,NOT_TESTED,,Manager,QA-0003-MANAGER,NOT_TESTED,
QA-0003,Public Marketing,/terms,Public,Public|Candidate|Employee|Manager|HR|Finance|Admin|Founder|Locked,Public accessible; no auth requirement,Render content; links integrity; mobile layout,P1,NOT_TESTED,,HR,QA-0003-HR,NOT_TESTED,
QA-0003,Public Marketing,/terms,Public,Public|Candidate|Employee|Manager|HR|Finance|Admin|Founder|Locked,Public accessible; no auth requirement,Render content; links integrity; mobile layout,P1,NOT_TESTED,,Finance,QA-0003-FINANCE,NOT_TESTED,
QA-0003,Public Marketing,/terms,Public,Public|Candidate|Employee|Manager|HR|Finance|Admin|Founder|Locked,Public accessible; no auth requirement,Render content; links integrity; mobile layout,P1,NOT_TESTED,,Admin,QA-0003-ADMIN,NOT_TESTED,
QA-0003,Public Marketing,/terms,Public,Public|Candidate|Employee|Manager|HR|Finance|Admin|Founder|Locked,Public accessible; no auth requirement,Render content; links integrity; mobile layout,P1,NOT_TESTED,,Founder,QA-0003-FOUNDER,NOT_TESTED,
QA-0003,Public Marketing,/terms,Public,Public|Candidate|Employee|Manager|HR|Finance|Admin|Founder|Locked,Public accessible; no auth requirement,Render content; links integrity; mobile layout,P1,NOT_TESTED,,Locked,QA-0003-LOCKED,NOT_TESTED,
QA-0004,Public Legal,/legal/data-processing,Public,Public|Candidate|Employee|Manager|HR|Finance|Admin|Founder|Locked,Public accessible; no auth requirement,Render content; links integrity; mobile layout,P1,NOT_TESTED,,Public,QA-0004-PUBLIC,NOT_TESTED,
QA-0004,Public Legal,/legal/data-processing,Public,Public|Candidate|Employee|Manager|HR|Finance|Admin|Founder|Locked,Public accessible; no auth requirement,Render content; links integrity; mobile layout,P1,NOT_TESTED,,Candidate,QA-0004-CANDIDATE,NOT_TESTED,
QA-0004,Public Legal,/legal/data-processing,Public,Public|Candidate|Employee|Manager|HR|Finance|Admin|Founder|Locked,Public accessible; no auth requirement,Render content; links integrity; mobile layout,P1,NOT_TESTED,,Employee,QA-0004-EMPLOYEE,NOT_TESTED,
QA-0004,Public Legal,/legal/data-processing,Public,Public|Candidate|Employee|Manager|HR|Finance|Admin|Founder|Locked,Public accessible; no auth requirement,Render content; links integrity; mobile layout,P1,NOT_TESTED,,Manager,QA-0004-MANAGER,NOT_TESTED,
QA-0004,Public Legal,/legal/data-processing,Public,Public|Candidate|Employee|Manager|HR|Finance|Admin|Founder|Locked,Public accessible; no auth requirement,Render content; links integrity; mobile layout,P1,NOT_TESTED,,HR,QA-0004-HR,NOT_TESTED,
QA-0004,Public Legal,/legal/data-processing,Public,Public|Candidate|Employee|Manager|HR|Finance|Admin|Founder|Locked,Public accessible; no auth requirement,Render content; links integrity; mobile layout,P1,NOT_TESTED,,Finance,QA-0004-FINANCE,NOT_TESTED,
QA-0004,Public Legal,/legal/data-processing,Public,Public|Candidate|Employee|Manager|HR|Finance|Admin|Founder|Locked,Public accessible; no auth requirement,Render content; links integrity; mobile layout,P1,NOT_TESTED,,Admin,QA-0004-ADMIN,NOT_TESTED,
QA-0004,Public Legal,/legal/data-processing,Public,Public|Candidate|Employee|Manager|HR|Finance|Admin|Founder|Locked,Public accessible; no auth requirement,Render content; links integrity; mobile layout,P1,NOT_TESTED,,Founder,QA-0004-FOUNDER,NOT_TESTED,
QA-0004,Public Legal,/legal/data-processing,Public,Public|Candidate|Employee|Manager|HR|Finance|Admin|Founder|Locked,Public accessible; no auth requirement,Render content; links integrity; mobile layout,P1,NOT_TESTED,,Locked,QA-0004-LOCKED,NOT_TESTED,
QA-0005,Auth,/login,Public,Public|Candidate|Employee|Manager|HR|Finance|Admin|Founder|Locked,Unauth only expected; post-login redirect,Validation UX; error states; keyboard flow,P0,NOT_TESTED,,Public,QA-0005-PUBLIC,NOT_TESTED,
QA-0005,Auth,/login,Public,Public|Candidate|Employee|Manager|HR|Finance|Admin|Founder|Locked,Unauth only expected; post-login redirect,Validation UX; error states; keyboard flow,P0,NOT_TESTED,,Candidate,QA-0005-CANDIDATE,NOT_TESTED,
QA-0005,Auth,/login,Public,Public|Candidate|Employee|Manager|HR|Finance|Admin|Founder|Locked,Unauth only expected; post-login redirect,Validation UX; error states; keyboard flow,P0,NOT_TESTED,,Employee,QA-0005-EMPLOYEE,NOT_TESTED,
QA-0005,Auth,/login,Public,Public|Candidate|Employee|Manager|HR|Finance|Admin|Founder|Locked,Unauth only expected; post-login redirect,Validation UX; error states; keyboard flow,P0,NOT_TESTED,,Manager,QA-0005-MANAGER,NOT_TESTED,
QA-0005,Auth,/login,Public,Public|Candidate|Employee|Manager|HR|Finance|Admin|Founder|Locked,Unauth only expected; post-login redirect,Validation UX; error states; keyboard flow,P0,NOT_TESTED,,HR,QA-0005-HR,NOT_TESTED,
QA-0005,Auth,/login,Public,Public|Candidate|Employee|Manager|HR|Finance|Admin|Founder|Locked,Unauth only expected; post-login redirect,Validation UX; error states; keyboard flow,P0,NOT_TESTED,,Finance,QA-0005-FINANCE,NOT_TESTED,
QA-0005,Auth,/login,Public,Public|Candidate|Employee|Manager|HR|Finance|Admin|Founder|Locked,Unauth only expected; post-login redirect,Validation UX; error states; keyboard flow,P0,NOT_TESTED,,Admin,QA-0005-ADMIN,NOT_TESTED,
QA-0005,Auth,/login,Public,Public|Candidate|Employee|Manager|HR|Finance|Admin|Founder|Locked,Unauth only expected; post-login redirect,Validation UX; error states; keyboard flow,P0,NOT_TESTED,,Founder,QA-0005-FOUNDER,NOT_TESTED,
QA-0005,Auth,/login,Public,Public|Candidate|Employee|Manager|HR|Finance|Admin|Founder|Locked,Unauth only expected; post-login redirect,Validation UX; error states; keyboard flow,P0,NOT_TESTED,,Locked,QA-0005-LOCKED,NOT_TESTED,
QA-0006,Auth,/register,Public,Public|Candidate|Employee|Manager|HR|Finance|Admin|Founder|Locked,Unauth only expected; post-register redirect,Validation UX; success state; keyboard flow,P0,NOT_TESTED,,Public,QA-0006-PUBLIC,NOT_TESTED,
QA-0006,Auth,/register,Public,Public|Candidate|Employee|Manager|HR|Finance|Admin|Founder|Locked,Unauth only expected; post-register redirect,Validation UX; success state; keyboard flow,P0,NOT_TESTED,,Candidate,QA-0006-CANDIDATE,NOT_TESTED,
QA-0006,Auth,/register,Public,Public|Candidate|Employee|Manager|HR|Finance|Admin|Founder|Locked,Unauth only expected; post-register redirect,Validation UX; success state; keyboard flow,P0,NOT_TESTED,,Employee,QA-0006-EMPLOYEE,NOT_TESTED,
QA-0006,Auth,/register,Public,Public|Candidate|Employee|Manager|HR|Finance|Admin|Founder|Locked,Unauth only expected; post-register redirect,Validation UX; success state; keyboard flow,P0,NOT_TESTED,,Manager,QA-0006-MANAGER,NOT_TESTED,
QA-0006,Auth,/register,Public,Public|Candidate|Employee|Manager|HR|Finance|Admin|Founder|Locked,Unauth only expected; post-register redirect,Validation UX; success state; keyboard flow,P0,NOT_TESTED,,HR,QA-0006-HR,NOT_TESTED,
QA-0006,Auth,/register,Public,Public|Candidate|Employee|Manager|HR|Finance|Admin|Founder|Locked,Unauth only expected; post-register redirect,Validation UX; success state; keyboard flow,P0,NOT_TESTED,,Finance,QA-0006-FINANCE,NOT_TESTED,
QA-0006,Auth,/register,Public,Public|Candidate|Employee|Manager|HR|Finance|Admin|Founder|Locked,Unauth only expected; post-register redirect,Validation UX; success state; keyboard flow,P0,NOT_TESTED,,Admin,QA-0006-ADMIN,NOT_TESTED,
QA-0006,Auth,/register,Public,Public|Candidate|Employee|Manager|HR|Finance|Admin|Founder|Locked,Unauth only expected; post-register redirect,Validation UX; success state; keyboard flow,P0,NOT_TESTED,,Founder,QA-0006-FOUNDER,NOT_TESTED,
QA-0006,Auth,/register,Public,Public|Candidate|Employee|Manager|HR|Finance|Admin|Founder|Locked,Unauth only expected; post-register redirect,Validation UX; success state; keyboard flow,P0,NOT_TESTED,,Locked,QA-0006-LOCKED,NOT_TESTED,
QA-0007,Auth,/register/done,Public,Public|Candidate|Employee|Manager|HR|Finance|Admin|Founder|Locked,Accessible after register flow,Copy quality; CTA behavior; back nav,P2,NOT_TESTED,,Public,QA-0007-PUBLIC,NOT_TESTED,
QA-0007,Auth,/register/done,Public,Public|Candidate|Employee|Manager|HR|Finance|Admin|Founder|Locked,Accessible after register flow,Copy quality; CTA behavior; back nav,P2,NOT_TESTED,,Candidate,QA-0007-CANDIDATE,NOT_TESTED,
QA-0007,Auth,/register/done,Public,Public|Candidate|Employee|Manager|HR|Finance|Admin|Founder|Locked,Accessible after register flow,Copy quality; CTA behavior; back nav,P2,NOT_TESTED,,Employee,QA-0007-EMPLOYEE,NOT_TESTED,
QA-0007,Auth,/register/done,Public,Public|Candidate|Employee|Manager|HR|Finance|Admin|Founder|Locked,Accessible after register flow,Copy quality; CTA behavior; back nav,P2,NOT_TESTED,,Manager,QA-0007-MANAGER,NOT_TESTED,
QA-0007,Auth,/register/done,Public,Public|Candidate|Employee|Manager|HR|Finance|Admin|Founder|Locked,Accessible after register flow,Copy quality; CTA behavior; back nav,P2,NOT_TESTED,,HR,QA-0007-HR,NOT_TESTED,
QA-0007,Auth,/register/done,Public,Public|Candidate|Employee|Manager|HR|Finance|Admin|Founder|Locked,Accessible after register flow,Copy quality; CTA behavior; back nav,P2,NOT_TESTED,,Finance,QA-0007-FINANCE,NOT_TESTED,
QA-0007,Auth,/register/done,Public,Public|Candidate|Employee|Manager|HR|Finance|Admin|Founder|Locked,Accessible after register flow,Copy quality; CTA behavior; back nav,P2,NOT_TESTED,,Admin,QA-0007-ADMIN,NOT_TESTED,
QA-0007,Auth,/register/done,Public,Public|Candidate|Employee|Manager|HR|Finance|Admin|Founder|Locked,Accessible after register flow,Copy quality; CTA behavior; back nav,P2,NOT_TESTED,,Founder,QA-0007-FOUNDER,NOT_TESTED,
QA-0007,Auth,/register/done,Public,Public|Candidate|Employee|Manager|HR|Finance|Admin|Founder|Locked,Accessible after register flow,Copy quality; CTA behavior; back nav,P2,NOT_TESTED,,Locked,QA-0007-LOCKED,NOT_TESTED,
QA-0008,Auth,/forgot-password,Public,Public|Candidate|Employee|Manager|HR|Finance|Admin|Founder|Locked,Unauth accessible,Validation UX; success/error messaging,P0,NOT_TESTED,,Public,QA-0008-PUBLIC,NOT_TESTED,
QA-0008,Auth,/forgot-password,Public,Public|Candidate|Employee|Manager|HR|Finance|Admin|Founder|Locked,Unauth accessible,Validation UX; success/error messaging,P0,NOT_TESTED,,Candidate,QA-0008-CANDIDATE,NOT_TESTED,
QA-0008,Auth,/forgot-password,Public,Public|Candidate|Employee|Manager|HR|Finance|Admin|Founder|Locked,Unauth accessible,Validation UX; success/error messaging,P0,NOT_TESTED,,Employee,QA-0008-EMPLOYEE,NOT_TESTED,
QA-0008,Auth,/forgot-password,Public,Public|Candidate|Employee|Manager|HR|Finance|Admin|Founder|Locked,Unauth accessible,Validation UX; success/error messaging,P0,NOT_TESTED,,Manager,QA-0008-MANAGER,NOT_TESTED,
QA-0008,Auth,/forgot-password,Public,Public|Candidate|Employee|Manager|HR|Finance|Admin|Founder|Locked,Unauth accessible,Validation UX; success/error messaging,P0,NOT_TESTED,,HR,QA-0008-HR,NOT_TESTED,
QA-0008,Auth,/forgot-password,Public,Public|Candidate|Employee|Manager|HR|Finance|Admin|Founder|Locked,Unauth accessible,Validation UX; success/error messaging,P0,NOT_TESTED,,Finance,QA-0008-FINANCE,NOT_TESTED,
QA-0008,Auth,/forgot-password,Public,Public|Candidate|Employee|Manager|HR|Finance|Admin|Founder|Locked,Unauth accessible,Validation UX; success/error messaging,P0,NOT_TESTED,,Admin,QA-0008-ADMIN,NOT_TESTED,
QA-0008,Auth,/forgot-password,Public,Public|Candidate|Employee|Manager|HR|Finance|Admin|Founder|Locked,Unauth accessible,Validation UX; success/error messaging,P0,NOT_TESTED,,Founder,QA-0008-FOUNDER,NOT_TESTED,
QA-0008,Auth,/forgot-password,Public,Public|Candidate|Employee|Manager|HR|Finance|Admin|Founder|Locked,Unauth accessible,Validation UX; success/error messaging,P0,NOT_TESTED,,Locked,QA-0008-LOCKED,NOT_TESTED,
QA-0009,Auth,/set-password,Public,Public|Candidate|Employee|Manager|HR|Finance|Admin|Founder|Locked,Token/session required behavior,Validation UX; token error state,P0,NOT_TESTED,,Public,QA-0009-PUBLIC,NOT_TESTED,
QA-0009,Auth,/set-password,Public,Public|Candidate|Employee|Manager|HR|Finance|Admin|Founder|Locked,Token/session required behavior,Validation UX; token error state,P0,NOT_TESTED,,Candidate,QA-0009-CANDIDATE,NOT_TESTED,
QA-0009,Auth,/set-password,Public,Public|Candidate|Employee|Manager|HR|Finance|Admin|Founder|Locked,Token/session required behavior,Validation UX; token error state,P0,NOT_TESTED,,Employee,QA-0009-EMPLOYEE,NOT_TESTED,
QA-0009,Auth,/set-password,Public,Public|Candidate|Employee|Manager|HR|Finance|Admin|Founder|Locked,Token/session required behavior,Validation UX; token error state,P0,NOT_TESTED,,Manager,QA-0009-MANAGER,NOT_TESTED,
QA-0009,Auth,/set-password,Public,Public|Candidate|Employee|Manager|HR|Finance|Admin|Founder|Locked,Token/session required behavior,Validation UX; token error state,P0,NOT_TESTED,,HR,QA-0009-HR,NOT_TESTED,
QA-0009,Auth,/set-password,Public,Public|Candidate|Employee|Manager|HR|Finance|Admin|Founder|Locked,Token/session required behavior,Validation UX; token error state,P0,NOT_TESTED,,Finance,QA-0009-FINANCE,NOT_TESTED,
QA-0009,Auth,/set-password,Public,Public|Candidate|Employee|Manager|HR|Finance|Admin|Founder|Locked,Token/session required behavior,Validation UX; token error state,P0,NOT_TESTED,,Admin,QA-0009-ADMIN,NOT_TESTED,
QA-0009,Auth,/set-password,Public,Public|Candidate|Employee|Manager|HR|Finance|Admin|Founder|Locked,Token/session required behavior,Validation UX; token error state,P0,NOT_TESTED,,Founder,QA-0009-FOUNDER,NOT_TESTED,
QA-0009,Auth,/set-password,Public,Public|Candidate|Employee|Manager|HR|Finance|Admin|Founder|Locked,Token/session required behavior,Validation UX; token error state,P0,NOT_TESTED,,Locked,QA-0009-LOCKED,NOT_TESTED,
QA-0010,Auth,/auth/callback,Public,Public|Candidate|Employee|Manager|HR|Finance|Admin|Founder|Locked,Callback redirect integrity,No dead-end; clear error fallback,P0,NOT_TESTED,,Public,QA-0010-PUBLIC,NOT_TESTED,
QA-0010,Auth,/auth/callback,Public,Public|Candidate|Employee|Manager|HR|Finance|Admin|Founder|Locked,Callback redirect integrity,No dead-end; clear error fallback,P0,NOT_TESTED,,Candidate,QA-0010-CANDIDATE,NOT_TESTED,
QA-0010,Auth,/auth/callback,Public,Public|Candidate|Employee|Manager|HR|Finance|Admin|Founder|Locked,Callback redirect integrity,No dead-end; clear error fallback,P0,NOT_TESTED,,Employee,QA-0010-EMPLOYEE,NOT_TESTED,
QA-0010,Auth,/auth/callback,Public,Public|Candidate|Employee|Manager|HR|Finance|Admin|Founder|Locked,Callback redirect integrity,No dead-end; clear error fallback,P0,NOT_TESTED,,Manager,QA-0010-MANAGER,NOT_TESTED,
QA-0010,Auth,/auth/callback,Public,Public|Candidate|Employee|Manager|HR|Finance|Admin|Founder|Locked,Callback redirect integrity,No dead-end; clear error fallback,P0,NOT_TESTED,,HR,QA-0010-HR,NOT_TESTED,
QA-0010,Auth,/auth/callback,Public,Public|Candidate|Employee|Manager|HR|Finance|Admin|Founder|Locked,Callback redirect integrity,No dead-end; clear error fallback,P0,NOT_TESTED,,Finance,QA-0010-FINANCE,NOT_TESTED,
QA-0010,Auth,/auth/callback,Public,Public|Candidate|Employee|Manager|HR|Finance|Admin|Founder|Locked,Callback redirect integrity,No dead-end; clear error fallback,P0,NOT_TESTED,,Admin,QA-0010-ADMIN,NOT_TESTED,
QA-0010,Auth,/auth/callback,Public,Public|Candidate|Employee|Manager|HR|Finance|Admin|Founder|Locked,Callback redirect integrity,No dead-end; clear error fallback,P0,NOT_TESTED,,Founder,QA-0010-FOUNDER,NOT_TESTED,
QA-0010,Auth,/auth/callback,Public,Public|Candidate|Employee|Manager|HR|Finance|Admin|Founder|Locked,Callback redirect integrity,No dead-end; clear error fallback,P0,NOT_TESTED,,Locked,QA-0010-LOCKED,NOT_TESTED,
QA-0011,Auth,/session-choice,Employee,Employee|Manager|HR|Finance|Admin|Founder,Session role context enforcement,Selection UX; redirect determinism,P1,NOT_TESTED,,Employee,QA-0011-EMPLOYEE,NOT_TESTED,
QA-0011,Auth,/session-choice,Employee,Employee|Manager|HR|Finance|Admin|Founder,Session role context enforcement,Selection UX; redirect determinism,P1,NOT_TESTED,,Manager,QA-0011-MANAGER,NOT_TESTED,
QA-0011,Auth,/session-choice,Employee,Employee|Manager|HR|Finance|Admin|Founder,Session role context enforcement,Selection UX; redirect determinism,P1,NOT_TESTED,,HR,QA-0011-HR,NOT_TESTED,
QA-0011,Auth,/session-choice,Employee,Employee|Manager|HR|Finance|Admin|Founder,Session role context enforcement,Selection UX; redirect determinism,P1,NOT_TESTED,,Finance,QA-0011-FINANCE,NOT_TESTED,
QA-0011,Auth,/session-choice,Employee,Employee|Manager|HR|Finance|Admin|Founder,Session role context enforcement,Selection UX; redirect determinism,P1,NOT_TESTED,,Admin,QA-0011-ADMIN,NOT_TESTED,
QA-0011,Auth,/session-choice,Employee,Employee|Manager|HR|Finance|Admin|Founder,Session role context enforcement,Selection UX; redirect determinism,P1,NOT_TESTED,,Founder,QA-0011-FOUNDER,NOT_TESTED,
QA-0012,Core App,/dashboard,Employee,Employee|Manager|HR|Finance|Admin|Founder|Locked,Protected route; role-scoped widgets,Loading/empty/error states; responsive,P0,NOT_TESTED,,Employee,QA-0012-EMPLOYEE,NOT_TESTED,
QA-0012,Core App,/dashboard,Employee,Employee|Manager|HR|Finance|Admin|Founder|Locked,Protected route; role-scoped widgets,Loading/empty/error states; responsive,P0,NOT_TESTED,,Manager,QA-0012-MANAGER,NOT_TESTED,
QA-0012,Core App,/dashboard,Employee,Employee|Manager|HR|Finance|Admin|Founder|Locked,Protected route; role-scoped widgets,Loading/empty/error states; responsive,P0,NOT_TESTED,,HR,QA-0012-HR,NOT_TESTED,
QA-0012,Core App,/dashboard,Employee,Employee|Manager|HR|Finance|Admin|Founder|Locked,Protected route; role-scoped widgets,Loading/empty/error states; responsive,P0,NOT_TESTED,,Finance,QA-0012-FINANCE,NOT_TESTED,
QA-0012,Core App,/dashboard,Employee,Employee|Manager|HR|Finance|Admin|Founder|Locked,Protected route; role-scoped widgets,Loading/empty/error states; responsive,P0,NOT_TESTED,,Admin,QA-0012-ADMIN,NOT_TESTED,
QA-0012,Core App,/dashboard,Employee,Employee|Manager|HR|Finance|Admin|Founder|Locked,Protected route; role-scoped widgets,Loading/empty/error states; responsive,P0,NOT_TESTED,,Founder,QA-0012-FOUNDER,NOT_TESTED,
QA-0012,Core App,/dashboard,Employee,Employee|Manager|HR|Finance|Admin|Founder|Locked,Protected route; role-scoped widgets,Loading/empty/error states; responsive,P0,NOT_TESTED,,Locked,QA-0012-LOCKED,NOT_TESTED,
QA-0013,Core App,/profile,Employee,Employee|Manager|HR|Finance|Admin|Founder,Protected route,Form save UX; validation; toast states,P1,NOT_TESTED,,Employee,QA-0013-EMPLOYEE,NOT_TESTED,
QA-0013,Core App,/profile,Employee,Employee|Manager|HR|Finance|Admin|Founder,Protected route,Form save UX; validation; toast states,P1,NOT_TESTED,,Manager,QA-0013-MANAGER,NOT_TESTED,
QA-0013,Core App,/profile,Employee,Employee|Manager|HR|Finance|Admin|Founder,Protected route,Form save UX; validation; toast states,P1,NOT_TESTED,,HR,QA-0013-HR,NOT_TESTED,
QA-0013,Core App,/profile,Employee,Employee|Manager|HR|Finance|Admin|Founder,Protected route,Form save UX; validation; toast states,P1,NOT_TESTED,,Finance,QA-0013-FINANCE,NOT_TESTED,
QA-0013,Core App,/profile,Employee,Employee|Manager|HR|Finance|Admin|Founder,Protected route,Form save UX; validation; toast states,P1,NOT_TESTED,,Admin,QA-0013-ADMIN,NOT_TESTED,
QA-0013,Core App,/profile,Employee,Employee|Manager|HR|Finance|Admin|Founder,Protected route,Form save UX; validation; toast states,P1,NOT_TESTED,,Founder,QA-0013-FOUNDER,NOT_TESTED,
QA-0014,Core App,/profile/hr,HR,HR|Admin,HR/Admin only route access,Data visibility; sensitive sections,P1,NOT_TESTED,,HR,QA-0014-HR,NOT_TESTED,
QA-0014,Core App,/profile/hr,HR,HR|Admin,HR/Admin only route access,Data visibility; sensitive sections,P1,NOT_TESTED,,Admin,QA-0014-ADMIN,NOT_TESTED,
QA-0015,Core App,/settings,Employee,Employee|Manager|HR|Finance|Admin|Founder,Protected route; section gating by role,Save feedback; unsaved changes behavior,P1,NOT_TESTED,,Employee,QA-0015-EMPLOYEE,NOT_TESTED,
QA-0015,Core App,/settings,Employee,Employee|Manager|HR|Finance|Admin|Founder,Protected route; section gating by role,Save feedback; unsaved changes behavior,P1,NOT_TESTED,,Manager,QA-0015-MANAGER,NOT_TESTED,
QA-0015,Core App,/settings,Employee,Employee|Manager|HR|Finance|Admin|Founder,Protected route; section gating by role,Save feedback; unsaved changes behavior,P1,NOT_TESTED,,HR,QA-0015-HR,NOT_TESTED,
QA-0015,Core App,/settings,Employee,Employee|Manager|HR|Finance|Admin|Founder,Protected route; section gating by role,Save feedback; unsaved changes behavior,P1,NOT_TESTED,,Finance,QA-0015-FINANCE,NOT_TESTED,
QA-0015,Core App,/settings,Employee,Employee|Manager|HR|Finance|Admin|Founder,Protected route; section gating by role,Save feedback; unsaved changes behavior,P1,NOT_TESTED,,Admin,QA-0015-ADMIN,NOT_TESTED,
QA-0015,Core App,/settings,Employee,Employee|Manager|HR|Finance|Admin|Founder,Protected route; section gating by role,Save feedback; unsaved changes behavior,P1,NOT_TESTED,,Founder,QA-0015-FOUNDER,NOT_TESTED,
QA-0016,Core App,/settings/discount-tiers,Admin,Admin|Finance,Admin/finance route control,Tier form validation; table state,P2,NOT_TESTED,,Admin,QA-0016-ADMIN,NOT_TESTED,
QA-0016,Core App,/settings/discount-tiers,Admin,Admin|Finance,Admin/finance route control,Tier form validation; table state,P2,NOT_TESTED,,Finance,QA-0016-FINANCE,NOT_TESTED,
QA-0017,Core App,/pending,Employee,Employee|Manager|HR|Finance|Admin|Founder,State page gating,Messaging clarity; CTA behavior,P1,NOT_TESTED,,Employee,QA-0017-EMPLOYEE,NOT_TESTED,
QA-0017,Core App,/pending,Employee,Employee|Manager|HR|Finance|Admin|Founder,State page gating,Messaging clarity; CTA behavior,P1,NOT_TESTED,,Manager,QA-0017-MANAGER,NOT_TESTED,
QA-0017,Core App,/pending,Employee,Employee|Manager|HR|Finance|Admin|Founder,State page gating,Messaging clarity; CTA behavior,P1,NOT_TESTED,,HR,QA-0017-HR,NOT_TESTED,
QA-0017,Core App,/pending,Employee,Employee|Manager|HR|Finance|Admin|Founder,State page gating,Messaging clarity; CTA behavior,P1,NOT_TESTED,,Finance,QA-0017-FINANCE,NOT_TESTED,
QA-0017,Core App,/pending,Employee,Employee|Manager|HR|Finance|Admin|Founder,State page gating,Messaging clarity; CTA behavior,P1,NOT_TESTED,,Admin,QA-0017-ADMIN,NOT_TESTED,
QA-0017,Core App,/pending,Employee,Employee|Manager|HR|Finance|Admin|Founder,State page gating,Messaging clarity; CTA behavior,P1,NOT_TESTED,,Founder,QA-0017-FOUNDER,NOT_TESTED,
QA-0018,Core App,/pending-approvals,Manager,Manager|HR|Admin,Role-restricted route,List states; action controls by role,P1,NOT_TESTED,,Manager,QA-0018-MANAGER,NOT_TESTED,
QA-0018,Core App,/pending-approvals,Manager,Manager|HR|Admin,Role-restricted route,List states; action controls by role,P1,NOT_TESTED,,HR,QA-0018-HR,NOT_TESTED,
QA-0018,Core App,/pending-approvals,Manager,Manager|HR|Admin,Role-restricted route,List states; action controls by role,P1,NOT_TESTED,,Admin,QA-0018-ADMIN,NOT_TESTED,
QA-0019,Core App,/org-locked,Locked,Employee|Manager|HR|Finance|Admin|Founder|Locked,Locked-state enforcement,Restricted nav/actions; support CTA,P0,NOT_TESTED,,Employee,QA-0019-EMPLOYEE,NOT_TESTED,
QA-0019,Core App,/org-locked,Locked,Employee|Manager|HR|Finance|Admin|Founder|Locked,Locked-state enforcement,Restricted nav/actions; support CTA,P0,NOT_TESTED,,Manager,QA-0019-MANAGER,NOT_TESTED,
QA-0019,Core App,/org-locked,Locked,Employee|Manager|HR|Finance|Admin|Founder|Locked,Locked-state enforcement,Restricted nav/actions; support CTA,P0,NOT_TESTED,,HR,QA-0019-HR,NOT_TESTED,
QA-0019,Core App,/org-locked,Locked,Employee|Manager|HR|Finance|Admin|Founder|Locked,Locked-state enforcement,Restricted nav/actions; support CTA,P0,NOT_TESTED,,Finance,QA-0019-FINANCE,NOT_TESTED,
QA-0019,Core App,/org-locked,Locked,Employee|Manager|HR|Finance|Admin|Founder|Locked,Locked-state enforcement,Restricted nav/actions; support CTA,P0,NOT_TESTED,,Admin,QA-0019-ADMIN,NOT_TESTED,
QA-0019,Core App,/org-locked,Locked,Employee|Manager|HR|Finance|Admin|Founder|Locked,Locked-state enforcement,Restricted nav/actions; support CTA,P0,NOT_TESTED,,Founder,QA-0019-FOUNDER,NOT_TESTED,
QA-0019,Core App,/org-locked,Locked,Employee|Manager|HR|Finance|Admin|Founder|Locked,Locked-state enforcement,Restricted nav/actions; support CTA,P0,NOT_TESTED,,Locked,QA-0019-LOCKED,NOT_TESTED,
QA-0020,Core App,/trial-ended,Locked,Admin|Founder|Locked,Trial state enforcement,Upgrade CTA and blocked behavior,P0,NOT_TESTED,,Admin,QA-0020-ADMIN,NOT_TESTED,
QA-0020,Core App,/trial-ended,Locked,Admin|Founder|Locked,Trial state enforcement,Upgrade CTA and blocked behavior,P0,NOT_TESTED,,Founder,QA-0020-FOUNDER,NOT_TESTED,
QA-0020,Core App,/trial-ended,Locked,Admin|Founder|Locked,Trial state enforcement,Upgrade CTA and blocked behavior,P0,NOT_TESTED,,Locked,QA-0020-LOCKED,NOT_TESTED,
QA-0021,Core App,/subscription-suspended,Locked,Admin|Founder|Locked,Suspended state enforcement,Upgrade CTA and blocked behavior,P0,NOT_TESTED,,Admin,QA-0021-ADMIN,NOT_TESTED,
QA-0021,Core App,/subscription-suspended,Locked,Admin|Founder|Locked,Suspended state enforcement,Upgrade CTA and blocked behavior,P0,NOT_TESTED,,Founder,QA-0021-FOUNDER,NOT_TESTED,
QA-0021,Core App,/subscription-suspended,Locked,Admin|Founder|Locked,Suspended state enforcement,Upgrade CTA and blocked behavior,P0,NOT_TESTED,,Locked,QA-0021-LOCKED,NOT_TESTED,
QA-0022,Core App,/maintenance,Employee,Employee|Manager|HR|Finance|Admin|Founder|Locked,Maintenance behavior by role,Message and fallback route,P1,NOT_TESTED,,Employee,QA-0022-EMPLOYEE,NOT_TESTED,
QA-0022,Core App,/maintenance,Employee,Employee|Manager|HR|Finance|Admin|Founder|Locked,Maintenance behavior by role,Message and fallback route,P1,NOT_TESTED,,Manager,QA-0022-MANAGER,NOT_TESTED,
QA-0022,Core App,/maintenance,Employee,Employee|Manager|HR|Finance|Admin|Founder|Locked,Maintenance behavior by role,Message and fallback route,P1,NOT_TESTED,,HR,QA-0022-HR,NOT_TESTED,
QA-0022,Core App,/maintenance,Employee,Employee|Manager|HR|Finance|Admin|Founder|Locked,Maintenance behavior by role,Message and fallback route,P1,NOT_TESTED,,Finance,QA-0022-FINANCE,NOT_TESTED,
QA-0022,Core App,/maintenance,Employee,Employee|Manager|HR|Finance|Admin|Founder|Locked,Maintenance behavior by role,Message and fallback route,P1,NOT_TESTED,,Admin,QA-0022-ADMIN,NOT_TESTED,
QA-0022,Core App,/maintenance,Employee,Employee|Manager|HR|Finance|Admin|Founder|Locked,Maintenance behavior by role,Message and fallback route,P1,NOT_TESTED,,Founder,QA-0022-FOUNDER,NOT_TESTED,
QA-0022,Core App,/maintenance,Employee,Employee|Manager|HR|Finance|Admin|Founder|Locked,Maintenance behavior by role,Message and fallback route,P1,NOT_TESTED,,Locked,QA-0022-LOCKED,NOT_TESTED,
QA-0023,Calendar,/calendar,Employee,Employee|Manager|HR|Finance|Admin|Founder,Protected route; action controls by role,Event CRUD; RSVP; filter states,P0,NOT_TESTED,,Employee,QA-0023-EMPLOYEE,NOT_TESTED,
QA-0023,Calendar,/calendar,Employee,Employee|Manager|HR|Finance|Admin|Founder,Protected route; action controls by role,Event CRUD; RSVP; filter states,P0,NOT_TESTED,,Manager,QA-0023-MANAGER,NOT_TESTED,
QA-0023,Calendar,/calendar,Employee,Employee|Manager|HR|Finance|Admin|Founder,Protected route; action controls by role,Event CRUD; RSVP; filter states,P0,NOT_TESTED,,HR,QA-0023-HR,NOT_TESTED,
QA-0023,Calendar,/calendar,Employee,Employee|Manager|HR|Finance|Admin|Founder,Protected route; action controls by role,Event CRUD; RSVP; filter states,P0,NOT_TESTED,,Finance,QA-0023-FINANCE,NOT_TESTED,
QA-0023,Calendar,/calendar,Employee,Employee|Manager|HR|Finance|Admin|Founder,Protected route; action controls by role,Event CRUD; RSVP; filter states,P0,NOT_TESTED,,Admin,QA-0023-ADMIN,NOT_TESTED,
QA-0023,Calendar,/calendar,Employee,Employee|Manager|HR|Finance|Admin|Founder,Protected route; action controls by role,Event CRUD; RSVP; filter states,P0,NOT_TESTED,,Founder,QA-0023-FOUNDER,NOT_TESTED,
QA-0024,Notifications,/notifications/calendar,Employee,Employee|Manager|HR|Finance|Admin|Founder,Protected route,Read/unread state; badge sync,P1,NOT_TESTED,,Employee,QA-0024-EMPLOYEE,NOT_TESTED,
QA-0024,Notifications,/notifications/calendar,Employee,Employee|Manager|HR|Finance|Admin|Founder,Protected route,Read/unread state; badge sync,P1,NOT_TESTED,,Manager,QA-0024-MANAGER,NOT_TESTED,
QA-0024,Notifications,/notifications/calendar,Employee,Employee|Manager|HR|Finance|Admin|Founder,Protected route,Read/unread state; badge sync,P1,NOT_TESTED,,HR,QA-0024-HR,NOT_TESTED,
QA-0024,Notifications,/notifications/calendar,Employee,Employee|Manager|HR|Finance|Admin|Founder,Protected route,Read/unread state; badge sync,P1,NOT_TESTED,,Finance,QA-0024-FINANCE,NOT_TESTED,
QA-0024,Notifications,/notifications/calendar,Employee,Employee|Manager|HR|Finance|Admin|Founder,Protected route,Read/unread state; badge sync,P1,NOT_TESTED,,Admin,QA-0024-ADMIN,NOT_TESTED,
QA-0024,Notifications,/notifications/calendar,Employee,Employee|Manager|HR|Finance|Admin|Founder,Protected route,Read/unread state; badge sync,P1,NOT_TESTED,,Founder,QA-0024-FOUNDER,NOT_TESTED,
QA-0025,Notifications,/notifications/leave,Employee,Employee|Manager|HR|Finance|Admin|Founder,Protected route,Read/unread state; list integrity,P1,NOT_TESTED,,Employee,QA-0025-EMPLOYEE,NOT_TESTED,
QA-0025,Notifications,/notifications/leave,Employee,Employee|Manager|HR|Finance|Admin|Founder,Protected route,Read/unread state; list integrity,P1,NOT_TESTED,,Manager,QA-0025-MANAGER,NOT_TESTED,
QA-0025,Notifications,/notifications/leave,Employee,Employee|Manager|HR|Finance|Admin|Founder,Protected route,Read/unread state; list integrity,P1,NOT_TESTED,,HR,QA-0025-HR,NOT_TESTED,
QA-0025,Notifications,/notifications/leave,Employee,Employee|Manager|HR|Finance|Admin|Founder,Protected route,Read/unread state; list integrity,P1,NOT_TESTED,,Finance,QA-0025-FINANCE,NOT_TESTED,
QA-0025,Notifications,/notifications/leave,Employee,Employee|Manager|HR|Finance|Admin|Founder,Protected route,Read/unread state; list integrity,P1,NOT_TESTED,,Admin,QA-0025-ADMIN,NOT_TESTED,
QA-0025,Notifications,/notifications/leave,Employee,Employee|Manager|HR|Finance|Admin|Founder,Protected route,Read/unread state; list integrity,P1,NOT_TESTED,,Founder,QA-0025-FOUNDER,NOT_TESTED,
QA-0026,Notifications,/notifications/recruitment,HR,HR|Manager|Admin,Role-scoped visibility,Feed state; empty/error handling,P1,NOT_TESTED,,HR,QA-0026-HR,NOT_TESTED,
QA-0026,Notifications,/notifications/recruitment,HR,HR|Manager|Admin,Role-scoped visibility,Feed state; empty/error handling,P1,NOT_TESTED,,Manager,QA-0026-MANAGER,NOT_TESTED,
QA-0026,Notifications,/notifications/recruitment,HR,HR|Manager|Admin,Role-scoped visibility,Feed state; empty/error handling,P1,NOT_TESTED,,Admin,QA-0026-ADMIN,NOT_TESTED,
QA-0027,Notifications,/notifications/hr-metrics,HR,HR|Admin,Role-scoped visibility,Feed state; empty/error handling,P1,NOT_TESTED,,HR,QA-0027-HR,NOT_TESTED,
QA-0027,Notifications,/notifications/hr-metrics,HR,HR|Admin,Role-scoped visibility,Feed state; empty/error handling,P1,NOT_TESTED,,Admin,QA-0027-ADMIN,NOT_TESTED,
QA-0028,Notifications,/notifications/applications,HR,HR|Manager|Admin,Role-scoped visibility,Feed state; empty/error handling,P1,NOT_TESTED,,HR,QA-0028-HR,NOT_TESTED,
QA-0028,Notifications,/notifications/applications,HR,HR|Manager|Admin,Role-scoped visibility,Feed state; empty/error handling,P1,NOT_TESTED,,Manager,QA-0028-MANAGER,NOT_TESTED,
QA-0028,Notifications,/notifications/applications,HR,HR|Manager|Admin,Role-scoped visibility,Feed state; empty/error handling,P1,NOT_TESTED,,Admin,QA-0028-ADMIN,NOT_TESTED,
QA-0029,Broadcasts,/broadcasts,Employee,Employee|Manager|HR|Finance|Admin|Founder,Protected route,List loading; pagination/filter; no crash,P1,NOT_TESTED,,Employee,QA-0029-EMPLOYEE,NOT_TESTED,
QA-0029,Broadcasts,/broadcasts,Employee,Employee|Manager|HR|Finance|Admin|Founder,Protected route,List loading; pagination/filter; no crash,P1,NOT_TESTED,,Manager,QA-0029-MANAGER,NOT_TESTED,
QA-0029,Broadcasts,/broadcasts,Employee,Employee|Manager|HR|Finance|Admin|Founder,Protected route,List loading; pagination/filter; no crash,P1,NOT_TESTED,,HR,QA-0029-HR,NOT_TESTED,
QA-0029,Broadcasts,/broadcasts,Employee,Employee|Manager|HR|Finance|Admin|Founder,Protected route,List loading; pagination/filter; no crash,P1,NOT_TESTED,,Finance,QA-0029-FINANCE,NOT_TESTED,
QA-0029,Broadcasts,/broadcasts,Employee,Employee|Manager|HR|Finance|Admin|Founder,Protected route,List loading; pagination/filter; no crash,P1,NOT_TESTED,,Admin,QA-0029-ADMIN,NOT_TESTED,
QA-0029,Broadcasts,/broadcasts,Employee,Employee|Manager|HR|Finance|Admin|Founder,Protected route,List loading; pagination/filter; no crash,P1,NOT_TESTED,,Founder,QA-0029-FOUNDER,NOT_TESTED,
QA-0030,Broadcasts,/broadcasts/[id],Employee,Employee|Manager|HR|Finance|Admin|Founder,Protected route; record visibility,Detail render; reply UX; error states,P1,NOT_TESTED,,Employee,QA-0030-EMPLOYEE,NOT_TESTED,
QA-0030,Broadcasts,/broadcasts/[id],Employee,Employee|Manager|HR|Finance|Admin|Founder,Protected route; record visibility,Detail render; reply UX; error states,P1,NOT_TESTED,,Manager,QA-0030-MANAGER,NOT_TESTED,
QA-0030,Broadcasts,/broadcasts/[id],Employee,Employee|Manager|HR|Finance|Admin|Founder,Protected route; record visibility,Detail render; reply UX; error states,P1,NOT_TESTED,,HR,QA-0030-HR,NOT_TESTED,
QA-0030,Broadcasts,/broadcasts/[id],Employee,Employee|Manager|HR|Finance|Admin|Founder,Protected route; record visibility,Detail render; reply UX; error states,P1,NOT_TESTED,,Finance,QA-0030-FINANCE,NOT_TESTED,
QA-0030,Broadcasts,/broadcasts/[id],Employee,Employee|Manager|HR|Finance|Admin|Founder,Protected route; record visibility,Detail render; reply UX; error states,P1,NOT_TESTED,,Admin,QA-0030-ADMIN,NOT_TESTED,
QA-0030,Broadcasts,/broadcasts/[id],Employee,Employee|Manager|HR|Finance|Admin|Founder,Protected route; record visibility,Detail render; reply UX; error states,P1,NOT_TESTED,,Founder,QA-0030-FOUNDER,NOT_TESTED,
QA-0031,Broadcasts,/broadcasts/[id]/edit,Admin,Admin|HR|Author,Edit permission enforcement,Form validation; save flow,P1,NOT_TESTED,,Admin,QA-0031-ADMIN,NOT_TESTED,
QA-0031,Broadcasts,/broadcasts/[id]/edit,Admin,Admin|HR|Author,Edit permission enforcement,Form validation; save flow,P1,NOT_TESTED,,HR,QA-0031-HR,NOT_TESTED,
QA-0031,Broadcasts,/broadcasts/[id]/edit,Admin,Admin|HR|Author,Edit permission enforcement,Form validation; save flow,P1,NOT_TESTED,,Author,QA-0031-AUTHOR,NOT_TESTED,
QA-0032,Attendance,/attendance,Employee,Employee|Manager|HR|Finance|Admin|Founder,Protected route; self vs elevated actions,Clock in/out UX; duplicate action guard,P0,NOT_TESTED,,Employee,QA-0032-EMPLOYEE,NOT_TESTED,
QA-0032,Attendance,/attendance,Employee,Employee|Manager|HR|Finance|Admin|Founder,Protected route; self vs elevated actions,Clock in/out UX; duplicate action guard,P0,NOT_TESTED,,Manager,QA-0032-MANAGER,NOT_TESTED,
QA-0032,Attendance,/attendance,Employee,Employee|Manager|HR|Finance|Admin|Founder,Protected route; self vs elevated actions,Clock in/out UX; duplicate action guard,P0,NOT_TESTED,,HR,QA-0032-HR,NOT_TESTED,
QA-0032,Attendance,/attendance,Employee,Employee|Manager|HR|Finance|Admin|Founder,Protected route; self vs elevated actions,Clock in/out UX; duplicate action guard,P0,NOT_TESTED,,Finance,QA-0032-FINANCE,NOT_TESTED,
QA-0032,Attendance,/attendance,Employee,Employee|Manager|HR|Finance|Admin|Founder,Protected route; self vs elevated actions,Clock in/out UX; duplicate action guard,P0,NOT_TESTED,,Admin,QA-0032-ADMIN,NOT_TESTED,
QA-0032,Attendance,/attendance,Employee,Employee|Manager|HR|Finance|Admin|Founder,Protected route; self vs elevated actions,Clock in/out UX; duplicate action guard,P0,NOT_TESTED,,Founder,QA-0032-FOUNDER,NOT_TESTED,
QA-0033,Rota,/rota,Employee,Employee|Manager|HR|Admin,Protected route; edit controls by role,Schedule render; filter states,P1,NOT_TESTED,,Employee,QA-0033-EMPLOYEE,NOT_TESTED,
QA-0033,Rota,/rota,Employee,Employee|Manager|HR|Admin,Protected route; edit controls by role,Schedule render; filter states,P1,NOT_TESTED,,Manager,QA-0033-MANAGER,NOT_TESTED,
QA-0033,Rota,/rota,Employee,Employee|Manager|HR|Admin,Protected route; edit controls by role,Schedule render; filter states,P1,NOT_TESTED,,HR,QA-0033-HR,NOT_TESTED,
QA-0033,Rota,/rota,Employee,Employee|Manager|HR|Admin,Protected route; edit controls by role,Schedule render; filter states,P1,NOT_TESTED,,Admin,QA-0033-ADMIN,NOT_TESTED,
QA-0034,Leave,/leave,Employee,Employee|Manager|HR|Admin,Protected route,Request flow; validation; status chips,P1,NOT_TESTED,,Employee,QA-0034-EMPLOYEE,NOT_TESTED,
QA-0034,Leave,/leave,Employee,Employee|Manager|HR|Admin,Protected route,Request flow; validation; status chips,P1,NOT_TESTED,,Manager,QA-0034-MANAGER,NOT_TESTED,
QA-0034,Leave,/leave,Employee,Employee|Manager|HR|Admin,Protected route,Request flow; validation; status chips,P1,NOT_TESTED,,HR,QA-0034-HR,NOT_TESTED,
QA-0034,Leave,/leave,Employee,Employee|Manager|HR|Admin,Protected route,Request flow; validation; status chips,P1,NOT_TESTED,,Admin,QA-0034-ADMIN,NOT_TESTED,
QA-0035,Performance,/performance,Employee,Employee|Manager|HR|Admin,Protected route,Review list states and role controls,P1,NOT_TESTED,,Employee,QA-0035-EMPLOYEE,NOT_TESTED,
QA-0035,Performance,/performance,Employee,Employee|Manager|HR|Admin,Protected route,Review list states and role controls,P1,NOT_TESTED,,Manager,QA-0035-MANAGER,NOT_TESTED,
QA-0035,Performance,/performance,Employee,Employee|Manager|HR|Admin,Protected route,Review list states and role controls,P1,NOT_TESTED,,HR,QA-0035-HR,NOT_TESTED,
QA-0035,Performance,/performance,Employee,Employee|Manager|HR|Admin,Protected route,Review list states and role controls,P1,NOT_TESTED,,Admin,QA-0035-ADMIN,NOT_TESTED,
QA-0036,Performance,/performance/[reviewId],Employee,Employee|Manager|HR|Admin,Record-level access enforcement,Detail state transitions and form UX,P1,NOT_TESTED,,Employee,QA-0036-EMPLOYEE,NOT_TESTED,
QA-0036,Performance,/performance/[reviewId],Employee,Employee|Manager|HR|Admin,Record-level access enforcement,Detail state transitions and form UX,P1,NOT_TESTED,,Manager,QA-0036-MANAGER,NOT_TESTED,
QA-0036,Performance,/performance/[reviewId],Employee,Employee|Manager|HR|Admin,Record-level access enforcement,Detail state transitions and form UX,P1,NOT_TESTED,,HR,QA-0036-HR,NOT_TESTED,
QA-0036,Performance,/performance/[reviewId],Employee,Employee|Manager|HR|Admin,Record-level access enforcement,Detail state transitions and form UX,P1,NOT_TESTED,,Admin,QA-0036-ADMIN,NOT_TESTED,
QA-0037,OneOnOnes,/one-on-ones,Employee,Employee|Manager|HR|Admin,Protected route; participant visibility,List states; action controls,P1,NOT_TESTED,,Employee,QA-0037-EMPLOYEE,NOT_TESTED,
QA-0037,OneOnOnes,/one-on-ones,Employee,Employee|Manager|HR|Admin,Protected route; participant visibility,List states; action controls,P1,NOT_TESTED,,Manager,QA-0037-MANAGER,NOT_TESTED,
QA-0037,OneOnOnes,/one-on-ones,Employee,Employee|Manager|HR|Admin,Protected route; participant visibility,List states; action controls,P1,NOT_TESTED,,HR,QA-0037-HR,NOT_TESTED,
QA-0037,OneOnOnes,/one-on-ones,Employee,Employee|Manager|HR|Admin,Protected route; participant visibility,List states; action controls,P1,NOT_TESTED,,Admin,QA-0037-ADMIN,NOT_TESTED,
QA-0038,OneOnOnes,/one-on-ones/[meetingId],Employee,Employee|Manager|HR|Admin,Participant-only record visibility,Notes/privacy behavior and save states,P1,NOT_TESTED,,Employee,QA-0038-EMPLOYEE,NOT_TESTED,
QA-0038,OneOnOnes,/one-on-ones/[meetingId],Employee,Employee|Manager|HR|Admin,Participant-only record visibility,Notes/privacy behavior and save states,P1,NOT_TESTED,,Manager,QA-0038-MANAGER,NOT_TESTED,
QA-0038,OneOnOnes,/one-on-ones/[meetingId],Employee,Employee|Manager|HR|Admin,Participant-only record visibility,Notes/privacy behavior and save states,P1,NOT_TESTED,,HR,QA-0038-HR,NOT_TESTED,
QA-0038,OneOnOnes,/one-on-ones/[meetingId],Employee,Employee|Manager|HR|Admin,Participant-only record visibility,Notes/privacy behavior and save states,P1,NOT_TESTED,,Admin,QA-0038-ADMIN,NOT_TESTED,
QA-0039,Resources,/resources,Employee,Employee|Manager|HR|Finance|Admin|Founder,Protected route; visibility by role,List/search/filter/empty states,P1,NOT_TESTED,,Employee,QA-0039-EMPLOYEE,NOT_TESTED,
QA-0039,Resources,/resources,Employee,Employee|Manager|HR|Finance|Admin|Founder,Protected route; visibility by role,List/search/filter/empty states,P1,NOT_TESTED,,Manager,QA-0039-MANAGER,NOT_TESTED,
QA-0039,Resources,/resources,Employee,Employee|Manager|HR|Finance|Admin|Founder,Protected route; visibility by role,List/search/filter/empty states,P1,NOT_TESTED,,HR,QA-0039-HR,NOT_TESTED,
QA-0039,Resources,/resources,Employee,Employee|Manager|HR|Finance|Admin|Founder,Protected route; visibility by role,List/search/filter/empty states,P1,NOT_TESTED,,Finance,QA-0039-FINANCE,NOT_TESTED,
QA-0039,Resources,/resources,Employee,Employee|Manager|HR|Finance|Admin|Founder,Protected route; visibility by role,List/search/filter/empty states,P1,NOT_TESTED,,Admin,QA-0039-ADMIN,NOT_TESTED,
QA-0039,Resources,/resources,Employee,Employee|Manager|HR|Finance|Admin|Founder,Protected route; visibility by role,List/search/filter/empty states,P1,NOT_TESTED,,Founder,QA-0039-FOUNDER,NOT_TESTED,
QA-0040,Resources,/resources/new,Admin,Admin|HR|Manager,Create permission enforcement,Validation and submit UX,P1,NOT_TESTED,,Admin,QA-0040-ADMIN,NOT_TESTED,
QA-0040,Resources,/resources/new,Admin,Admin|HR|Manager,Create permission enforcement,Validation and submit UX,P1,NOT_TESTED,,HR,QA-0040-HR,NOT_TESTED,
QA-0040,Resources,/resources/new,Admin,Admin|HR|Manager,Create permission enforcement,Validation and submit UX,P1,NOT_TESTED,,Manager,QA-0040-MANAGER,NOT_TESTED,
QA-0041,Resources,/resources/[id],Employee,Employee|Manager|HR|Finance|Admin|Founder,Record visibility enforcement,Detail render; broken file handling,P1,NOT_TESTED,,Employee,QA-0041-EMPLOYEE,NOT_TESTED,
QA-0041,Resources,/resources/[id],Employee,Employee|Manager|HR|Finance|Admin|Founder,Record visibility enforcement,Detail render; broken file handling,P1,NOT_TESTED,,Manager,QA-0041-MANAGER,NOT_TESTED,
QA-0041,Resources,/resources/[id],Employee,Employee|Manager|HR|Finance|Admin|Founder,Record visibility enforcement,Detail render; broken file handling,P1,NOT_TESTED,,HR,QA-0041-HR,NOT_TESTED,
QA-0041,Resources,/resources/[id],Employee,Employee|Manager|HR|Finance|Admin|Founder,Record visibility enforcement,Detail render; broken file handling,P1,NOT_TESTED,,Finance,QA-0041-FINANCE,NOT_TESTED,
QA-0041,Resources,/resources/[id],Employee,Employee|Manager|HR|Finance|Admin|Founder,Record visibility enforcement,Detail render; broken file handling,P1,NOT_TESTED,,Admin,QA-0041-ADMIN,NOT_TESTED,
QA-0041,Resources,/resources/[id],Employee,Employee|Manager|HR|Finance|Admin|Founder,Record visibility enforcement,Detail render; broken file handling,P1,NOT_TESTED,,Founder,QA-0041-FOUNDER,NOT_TESTED,
QA-0042,Reports,/reports,Manager,Manager|HR|Finance|Admin,Reports permission enforcement,Create/run/export/pin flow UX,P0,NOT_TESTED,,Manager,QA-0042-MANAGER,NOT_TESTED,
QA-0042,Reports,/reports,Manager,Manager|HR|Finance|Admin,Reports permission enforcement,Create/run/export/pin flow UX,P0,NOT_TESTED,,HR,QA-0042-HR,NOT_TESTED,
QA-0042,Reports,/reports,Manager,Manager|HR|Finance|Admin,Reports permission enforcement,Create/run/export/pin flow UX,P0,NOT_TESTED,,Finance,QA-0042-FINANCE,NOT_TESTED,
QA-0042,Reports,/reports,Manager,Manager|HR|Finance|Admin,Reports permission enforcement,Create/run/export/pin flow UX,P0,NOT_TESTED,,Admin,QA-0042-ADMIN,NOT_TESTED,
QA-0043,Finance,/finance,Finance,Finance|Admin,Finance-only route enforcement,Cards/data states and navigation,P1,NOT_TESTED,,Finance,QA-0043-FINANCE,NOT_TESTED,
QA-0043,Finance,/finance,Finance,Finance|Admin,Finance-only route enforcement,Cards/data states and navigation,P1,NOT_TESTED,,Admin,QA-0043-ADMIN,NOT_TESTED,
QA-0044,Finance,/finance/timesheets,Finance,Finance|Admin,Finance-only route enforcement,Filter/period states; list integrity,P1,NOT_TESTED,,Finance,QA-0044-FINANCE,NOT_TESTED,
QA-0044,Finance,/finance/timesheets,Finance,Finance|Admin,Finance-only route enforcement,Filter/period states; list integrity,P1,NOT_TESTED,,Admin,QA-0044-ADMIN,NOT_TESTED,
QA-0045,Finance,/finance/wagesheets,Finance,Finance|Admin,Finance-only route enforcement,Totals/rounding/period switch UX,P1,NOT_TESTED,,Finance,QA-0045-FINANCE,NOT_TESTED,
QA-0045,Finance,/finance/wagesheets,Finance,Finance|Admin,Finance-only route enforcement,Totals/rounding/period switch UX,P1,NOT_TESTED,,Admin,QA-0045-ADMIN,NOT_TESTED,
QA-0046,Finance,/finance/attendance-settings,Finance,Finance|Admin,Finance-only route enforcement,Settings form and feedback states,P1,NOT_TESTED,,Finance,QA-0046-FINANCE,NOT_TESTED,
QA-0046,Finance,/finance/attendance-settings,Finance,Finance|Admin,Finance-only route enforcement,Settings form and feedback states,P1,NOT_TESTED,,Admin,QA-0046-ADMIN,NOT_TESTED,
QA-0047,Manager,/manager,Manager,Manager|Admin,Manager route enforcement,Scoped dashboard data and no leakage,P1,NOT_TESTED,,Manager,QA-0047-MANAGER,NOT_TESTED,
QA-0047,Manager,/manager,Manager,Manager|Admin,Manager route enforcement,Scoped dashboard data and no leakage,P1,NOT_TESTED,,Admin,QA-0047-ADMIN,NOT_TESTED,
QA-0048,Manager,/manager/system-overview,Manager,Manager|Admin,Manager route enforcement,Scoped metrics and loading states,P1,NOT_TESTED,,Manager,QA-0048-MANAGER,NOT_TESTED,
QA-0048,Manager,/manager/system-overview,Manager,Manager|Admin,Manager route enforcement,Scoped metrics and loading states,P1,NOT_TESTED,,Admin,QA-0048-ADMIN,NOT_TESTED,
QA-0049,Manager,/manager/departments,Manager,Manager|Admin,Manager scope enforcement,Department selector and list behavior,P1,NOT_TESTED,,Manager,QA-0049-MANAGER,NOT_TESTED,
QA-0049,Manager,/manager/departments,Manager,Manager|Admin,Manager scope enforcement,Department selector and list behavior,P1,NOT_TESTED,,Admin,QA-0049-ADMIN,NOT_TESTED,
QA-0050,Manager,/manager/teams,Manager,Manager|Admin,Manager scope enforcement,Team list and detail transitions,P1,NOT_TESTED,,Manager,QA-0050-MANAGER,NOT_TESTED,
QA-0050,Manager,/manager/teams,Manager,Manager|Admin,Manager scope enforcement,Team list and detail transitions,P1,NOT_TESTED,,Admin,QA-0050-ADMIN,NOT_TESTED,
QA-0051,Manager,/manager/sub-teams,Manager,Manager|Admin,Manager scope enforcement,Sub-team list and action visibility,P1,NOT_TESTED,,Manager,QA-0051-MANAGER,NOT_TESTED,
QA-0051,Manager,/manager/sub-teams,Manager,Manager|Admin,Manager scope enforcement,Sub-team list and action visibility,P1,NOT_TESTED,,Admin,QA-0051-ADMIN,NOT_TESTED,
QA-0052,Manager,/manager/recruitment,Manager,Manager|HR|Admin,Role-scoped route enforcement,Pipeline/list states by scope,P1,NOT_TESTED,,Manager,QA-0052-MANAGER,NOT_TESTED,
QA-0052,Manager,/manager/recruitment,Manager,Manager|HR|Admin,Role-scoped route enforcement,Pipeline/list states by scope,P1,NOT_TESTED,,HR,QA-0052-HR,NOT_TESTED,
QA-0052,Manager,/manager/recruitment,Manager,Manager|HR|Admin,Role-scoped route enforcement,Pipeline/list states by scope,P1,NOT_TESTED,,Admin,QA-0052-ADMIN,NOT_TESTED,
QA-0053,Manager,/manager/org-chart,Manager,Manager|HR|Admin,Org chart route gating,Tree render; presence updates,P1,NOT_TESTED,,Manager,QA-0053-MANAGER,NOT_TESTED,
QA-0053,Manager,/manager/org-chart,Manager,Manager|HR|Admin,Org chart route gating,Tree render; presence updates,P1,NOT_TESTED,,HR,QA-0053-HR,NOT_TESTED,
QA-0053,Manager,/manager/org-chart,Manager,Manager|HR|Admin,Org chart route gating,Tree render; presence updates,P1,NOT_TESTED,,Admin,QA-0053-ADMIN,NOT_TESTED,
QA-0054,HR,/hr,HR,HR|Admin,HR route enforcement,Hub widgets and scoped data,P1,NOT_TESTED,,HR,QA-0054-HR,NOT_TESTED,
QA-0054,HR,/hr,HR,HR|Admin,HR route enforcement,Hub widgets and scoped data,P1,NOT_TESTED,,Admin,QA-0054-ADMIN,NOT_TESTED,
QA-0055,HR,/hr/records,HR,HR|Admin,HR route enforcement,Records list/search/filter states,P1,NOT_TESTED,,HR,QA-0055-HR,NOT_TESTED,
QA-0055,HR,/hr/records,HR,HR|Admin,HR route enforcement,Records list/search/filter states,P1,NOT_TESTED,,Admin,QA-0055-ADMIN,NOT_TESTED,
QA-0056,HR,/hr/records/[userId],HR,HR|Admin,Record-level HR access,Sensitive section visibility,P0,NOT_TESTED,,HR,QA-0056-HR,NOT_TESTED,
QA-0056,HR,/hr/records/[userId],HR,HR|Admin,Record-level HR access,Sensitive section visibility,P0,NOT_TESTED,,Admin,QA-0056-ADMIN,NOT_TESTED,
QA-0057,HR,/hr/custom-fields,HR,HR|Admin,HR route enforcement,Custom field CRUD microstates,P1,NOT_TESTED,,HR,QA-0057-HR,NOT_TESTED,
QA-0057,HR,/hr/custom-fields,HR,HR|Admin,HR route enforcement,Custom field CRUD microstates,P1,NOT_TESTED,,Admin,QA-0057-ADMIN,NOT_TESTED,
QA-0058,HR,/hr/leave,HR,HR|Admin|Manager,Role-scoped action controls,Approval/rejection UI states,P1,NOT_TESTED,,HR,QA-0058-HR,NOT_TESTED,
QA-0058,HR,/hr/leave,HR,HR|Admin|Manager,Role-scoped action controls,Approval/rejection UI states,P1,NOT_TESTED,,Admin,QA-0058-ADMIN,NOT_TESTED,
QA-0058,HR,/hr/leave,HR,HR|Admin|Manager,Role-scoped action controls,Approval/rejection UI states,P1,NOT_TESTED,,Manager,QA-0058-MANAGER,NOT_TESTED,
QA-0059,HR,/hr/absence-reporting,HR,HR|Admin,HR route enforcement,Report list/detail UI states,P1,NOT_TESTED,,HR,QA-0059-HR,NOT_TESTED,
QA-0059,HR,/hr/absence-reporting,HR,HR|Admin,HR route enforcement,Report list/detail UI states,P1,NOT_TESTED,,Admin,QA-0059-ADMIN,NOT_TESTED,
QA-0060,HR,/hr/attendance-settings,HR,HR|Admin|Finance,Settings route controls by role,Form validation and persistence feedback,P1,NOT_TESTED,,HR,QA-0060-HR,NOT_TESTED,
QA-0060,HR,/hr/attendance-settings,HR,HR|Admin|Finance,Settings route controls by role,Form validation and persistence feedback,P1,NOT_TESTED,,Admin,QA-0060-ADMIN,NOT_TESTED,
QA-0060,HR,/hr/attendance-settings,HR,HR|Admin|Finance,Settings route controls by role,Form validation and persistence feedback,P1,NOT_TESTED,,Finance,QA-0060-FINANCE,NOT_TESTED,
QA-0061,HR,/hr/timesheets,HR,HR|Admin|Finance|Manager,Role-scoped visibility,Review actions and row states,P1,NOT_TESTED,,HR,QA-0061-HR,NOT_TESTED,
QA-0061,HR,/hr/timesheets,HR,HR|Admin|Finance|Manager,Role-scoped visibility,Review actions and row states,P1,NOT_TESTED,,Admin,QA-0061-ADMIN,NOT_TESTED,
QA-0061,HR,/hr/timesheets,HR,HR|Admin|Finance|Manager,Role-scoped visibility,Review actions and row states,P1,NOT_TESTED,,Finance,QA-0061-FINANCE,NOT_TESTED,
QA-0061,HR,/hr/timesheets,HR,HR|Admin|Finance|Manager,Role-scoped visibility,Review actions and row states,P1,NOT_TESTED,,Manager,QA-0061-MANAGER,NOT_TESTED,
QA-0062,HR,/hr/wagesheets,HR,HR|Admin|Finance,Role-scoped visibility,Totals and period switching,P1,NOT_TESTED,,HR,QA-0062-HR,NOT_TESTED,
QA-0062,HR,/hr/wagesheets,HR,HR|Admin|Finance,Role-scoped visibility,Totals and period switching,P1,NOT_TESTED,,Admin,QA-0062-ADMIN,NOT_TESTED,
QA-0062,HR,/hr/wagesheets,HR,HR|Admin|Finance,Role-scoped visibility,Totals and period switching,P1,NOT_TESTED,,Finance,QA-0062-FINANCE,NOT_TESTED,
QA-0063,HR,/hr/performance,HR,HR|Admin|Manager,Role-scoped visibility,Cycle list and state chips,P1,NOT_TESTED,,HR,QA-0063-HR,NOT_TESTED,
QA-0063,HR,/hr/performance,HR,HR|Admin|Manager,Role-scoped visibility,Cycle list and state chips,P1,NOT_TESTED,,Admin,QA-0063-ADMIN,NOT_TESTED,
QA-0063,HR,/hr/performance,HR,HR|Admin|Manager,Role-scoped visibility,Cycle list and state chips,P1,NOT_TESTED,,Manager,QA-0063-MANAGER,NOT_TESTED,
QA-0064,HR,/hr/performance/[cycleId],HR,HR|Admin|Manager,Cycle-level access enforcement,Detail and action state transitions,P1,NOT_TESTED,,HR,QA-0064-HR,NOT_TESTED,
QA-0064,HR,/hr/performance/[cycleId],HR,HR|Admin|Manager,Cycle-level access enforcement,Detail and action state transitions,P1,NOT_TESTED,,Admin,QA-0064-ADMIN,NOT_TESTED,
QA-0064,HR,/hr/performance/[cycleId],HR,HR|Admin|Manager,Cycle-level access enforcement,Detail and action state transitions,P1,NOT_TESTED,,Manager,QA-0064-MANAGER,NOT_TESTED,
QA-0065,HR,/hr/one-on-ones,HR,HR|Admin|Manager|Employee,Participant/role visibility,List and privacy boundaries,P1,NOT_TESTED,,HR,QA-0065-HR,NOT_TESTED,
QA-0065,HR,/hr/one-on-ones,HR,HR|Admin|Manager|Employee,Participant/role visibility,List and privacy boundaries,P1,NOT_TESTED,,Admin,QA-0065-ADMIN,NOT_TESTED,
QA-0065,HR,/hr/one-on-ones,HR,HR|Admin|Manager|Employee,Participant/role visibility,List and privacy boundaries,P1,NOT_TESTED,,Manager,QA-0065-MANAGER,NOT_TESTED,
QA-0065,HR,/hr/one-on-ones,HR,HR|Admin|Manager|Employee,Participant/role visibility,List and privacy boundaries,P1,NOT_TESTED,,Employee,QA-0065-EMPLOYEE,NOT_TESTED,
QA-0066,HR,/hr/org-chart,HR,HR|Admin|Manager,Role-scoped route enforcement,Tree render and live status badges,P1,NOT_TESTED,,HR,QA-0066-HR,NOT_TESTED,
QA-0066,HR,/hr/org-chart,HR,HR|Admin|Manager,Role-scoped route enforcement,Tree render and live status badges,P1,NOT_TESTED,,Admin,QA-0066-ADMIN,NOT_TESTED,
QA-0066,HR,/hr/org-chart,HR,HR|Admin|Manager,Role-scoped route enforcement,Tree render and live status badges,P1,NOT_TESTED,,Manager,QA-0066-MANAGER,NOT_TESTED,
QA-0067,HR,/hr/hr-metric-alerts,HR,HR|Admin,HR route enforcement,Threshold cards and empty states,P1,NOT_TESTED,,HR,QA-0067-HR,NOT_TESTED,
QA-0067,HR,/hr/hr-metric-alerts,HR,HR|Admin,HR route enforcement,Threshold cards and empty states,P1,NOT_TESTED,,Admin,QA-0067-ADMIN,NOT_TESTED,
QA-0068,HR Hiring,/hr/hiring,HR,HR|Admin|Manager,Role-scoped route enforcement,Hub render and navigation integrity,P1,NOT_TESTED,,HR,QA-0068-HR,NOT_TESTED,
QA-0068,HR Hiring,/hr/hiring,HR,HR|Admin|Manager,Role-scoped route enforcement,Hub render and navigation integrity,P1,NOT_TESTED,,Admin,QA-0068-ADMIN,NOT_TESTED,
QA-0068,HR Hiring,/hr/hiring,HR,HR|Admin|Manager,Role-scoped route enforcement,Hub render and navigation integrity,P1,NOT_TESTED,,Manager,QA-0068-MANAGER,NOT_TESTED,
QA-0069,HR Hiring,/hr/hiring/new-request,HR,HR|Admin|Manager,Role-scoped create access,Form validation and submit UX,P1,NOT_TESTED,,HR,QA-0069-HR,NOT_TESTED,
QA-0069,HR Hiring,/hr/hiring/new-request,HR,HR|Admin|Manager,Role-scoped create access,Form validation and submit UX,P1,NOT_TESTED,,Admin,QA-0069-ADMIN,NOT_TESTED,
QA-0069,HR Hiring,/hr/hiring/new-request,HR,HR|Admin|Manager,Role-scoped create access,Form validation and submit UX,P1,NOT_TESTED,,Manager,QA-0069-MANAGER,NOT_TESTED,
QA-0070,HR Hiring,/hr/hiring/requests,HR,HR|Admin|Manager,Role-scoped list access,List/filter/empty states,P1,NOT_TESTED,,HR,QA-0070-HR,NOT_TESTED,
QA-0070,HR Hiring,/hr/hiring/requests,HR,HR|Admin|Manager,Role-scoped list access,List/filter/empty states,P1,NOT_TESTED,,Admin,QA-0070-ADMIN,NOT_TESTED,
QA-0070,HR Hiring,/hr/hiring/requests,HR,HR|Admin|Manager,Role-scoped list access,List/filter/empty states,P1,NOT_TESTED,,Manager,QA-0070-MANAGER,NOT_TESTED,
QA-0071,HR Hiring,/hr/hiring/requests/[id],HR,HR|Admin|Manager,Record-level scope enforcement,Detail view and action visibility,P1,NOT_TESTED,,HR,QA-0071-HR,NOT_TESTED,
QA-0071,HR Hiring,/hr/hiring/requests/[id],HR,HR|Admin|Manager,Record-level scope enforcement,Detail view and action visibility,P1,NOT_TESTED,,Admin,QA-0071-ADMIN,NOT_TESTED,
QA-0071,HR Hiring,/hr/hiring/requests/[id],HR,HR|Admin|Manager,Record-level scope enforcement,Detail view and action visibility,P1,NOT_TESTED,,Manager,QA-0071-MANAGER,NOT_TESTED,
QA-0072,HR Hiring,/hr/hiring/jobs,HR,HR|Admin|Manager,Role-scoped list access,List/filter/empty states,P1,NOT_TESTED,,HR,QA-0072-HR,NOT_TESTED,
QA-0072,HR Hiring,/hr/hiring/jobs,HR,HR|Admin|Manager,Role-scoped list access,List/filter/empty states,P1,NOT_TESTED,,Admin,QA-0072-ADMIN,NOT_TESTED,
QA-0072,HR Hiring,/hr/hiring/jobs,HR,HR|Admin|Manager,Role-scoped list access,List/filter/empty states,P1,NOT_TESTED,,Manager,QA-0072-MANAGER,NOT_TESTED,
QA-0073,HR Hiring,/hr/hiring/applications,HR,HR|Admin|Manager,Role-scoped list access,Pipeline stage chip behavior,P1,NOT_TESTED,,HR,QA-0073-HR,NOT_TESTED,
QA-0073,HR Hiring,/hr/hiring/applications,HR,HR|Admin|Manager,Role-scoped list access,Pipeline stage chip behavior,P1,NOT_TESTED,,Admin,QA-0073-ADMIN,NOT_TESTED,
QA-0073,HR Hiring,/hr/hiring/applications,HR,HR|Admin|Manager,Role-scoped list access,Pipeline stage chip behavior,P1,NOT_TESTED,,Manager,QA-0073-MANAGER,NOT_TESTED,
QA-0074,HR Hiring,/hr/hiring/interviews,HR,HR|Admin|Manager,Role-scoped route enforcement,Schedule/list/detail states,P1,NOT_TESTED,,HR,QA-0074-HR,NOT_TESTED,
QA-0074,HR Hiring,/hr/hiring/interviews,HR,HR|Admin|Manager,Role-scoped route enforcement,Schedule/list/detail states,P1,NOT_TESTED,,Admin,QA-0074-ADMIN,NOT_TESTED,
QA-0074,HR Hiring,/hr/hiring/interviews,HR,HR|Admin|Manager,Role-scoped route enforcement,Schedule/list/detail states,P1,NOT_TESTED,,Manager,QA-0074-MANAGER,NOT_TESTED,
QA-0075,HR Hiring,/hr/hiring/templates,HR,HR|Admin,Role-scoped template management,CRUD validation and preview states,P2,NOT_TESTED,,HR,QA-0075-HR,NOT_TESTED,
QA-0075,HR Hiring,/hr/hiring/templates,HR,HR|Admin,Role-scoped template management,CRUD validation and preview states,P2,NOT_TESTED,,Admin,QA-0075-ADMIN,NOT_TESTED,
QA-0076,HR Jobs,/hr/jobs,HR,HR|Admin|Manager,Role-scoped list access,List/filter/empty states,P1,NOT_TESTED,,HR,QA-0076-HR,NOT_TESTED,
QA-0076,HR Jobs,/hr/jobs,HR,HR|Admin|Manager,Role-scoped list access,List/filter/empty states,P1,NOT_TESTED,,Admin,QA-0076-ADMIN,NOT_TESTED,
QA-0076,HR Jobs,/hr/jobs,HR,HR|Admin|Manager,Role-scoped list access,List/filter/empty states,P1,NOT_TESTED,,Manager,QA-0076-MANAGER,NOT_TESTED,
QA-0077,HR Jobs,/hr/jobs/[id]/edit,HR,HR|Admin|Manager,Edit scope enforcement,Form validation and save behavior,P1,NOT_TESTED,,HR,QA-0077-HR,NOT_TESTED,
QA-0077,HR Jobs,/hr/jobs/[id]/edit,HR,HR|Admin|Manager,Edit scope enforcement,Form validation and save behavior,P1,NOT_TESTED,,Admin,QA-0077-ADMIN,NOT_TESTED,
QA-0077,HR Jobs,/hr/jobs/[id]/edit,HR,HR|Admin|Manager,Edit scope enforcement,Form validation and save behavior,P1,NOT_TESTED,,Manager,QA-0077-MANAGER,NOT_TESTED,
QA-0078,HR Jobs,/hr/jobs/[id]/applications,HR,HR|Admin|Manager,Record-level scope enforcement,List/detail stage transitions,P1,NOT_TESTED,,HR,QA-0078-HR,NOT_TESTED,
QA-0078,HR Jobs,/hr/jobs/[id]/applications,HR,HR|Admin|Manager,Record-level scope enforcement,List/detail stage transitions,P1,NOT_TESTED,,Admin,QA-0078-ADMIN,NOT_TESTED,
QA-0078,HR Jobs,/hr/jobs/[id]/applications,HR,HR|Admin|Manager,Record-level scope enforcement,List/detail stage transitions,P1,NOT_TESTED,,Manager,QA-0078-MANAGER,NOT_TESTED,
QA-0079,HR Offers,/hr/offer-templates,HR,HR|Admin,Role-scoped route enforcement,List/search/empty states,P2,NOT_TESTED,,HR,QA-0079-HR,NOT_TESTED,
QA-0079,HR Offers,/hr/offer-templates,HR,HR|Admin,Role-scoped route enforcement,List/search/empty states,P2,NOT_TESTED,,Admin,QA-0079-ADMIN,NOT_TESTED,
QA-0080,HR Offers,/hr/offer-templates/new,HR,HR|Admin,Create access enforcement,Form validation and submit UX,P2,NOT_TESTED,,HR,QA-0080-HR,NOT_TESTED,
QA-0080,HR Offers,/hr/offer-templates/new,HR,HR|Admin,Create access enforcement,Form validation and submit UX,P2,NOT_TESTED,,Admin,QA-0080-ADMIN,NOT_TESTED,
QA-0081,HR Offers,/hr/offer-templates/[id]/edit,HR,HR|Admin,Edit access enforcement,Form validation and save UX,P2,NOT_TESTED,,HR,QA-0081-HR,NOT_TESTED,
QA-0081,HR Offers,/hr/offer-templates/[id]/edit,HR,HR|Admin,Edit access enforcement,Form validation and save UX,P2,NOT_TESTED,,Admin,QA-0081-ADMIN,NOT_TESTED,
QA-0082,HR Onboarding,/hr/onboarding,HR,HR|Admin|Manager,Role-scoped list/hub access,Run list states and progress chips,P1,NOT_TESTED,,HR,QA-0082-HR,NOT_TESTED,
QA-0082,HR Onboarding,/hr/onboarding,HR,HR|Admin|Manager,Role-scoped list/hub access,Run list states and progress chips,P1,NOT_TESTED,,Admin,QA-0082-ADMIN,NOT_TESTED,
QA-0082,HR Onboarding,/hr/onboarding,HR,HR|Admin|Manager,Role-scoped list/hub access,Run list states and progress chips,P1,NOT_TESTED,,Manager,QA-0082-MANAGER,NOT_TESTED,
QA-0083,HR Onboarding,/hr/onboarding/[runId],HR,HR|Admin|Manager,Run-level scope enforcement,Task checklist and status updates,P1,NOT_TESTED,,HR,QA-0083-HR,NOT_TESTED,
QA-0083,HR Onboarding,/hr/onboarding/[runId],HR,HR|Admin|Manager,Run-level scope enforcement,Task checklist and status updates,P1,NOT_TESTED,,Admin,QA-0083-ADMIN,NOT_TESTED,
QA-0083,HR Onboarding,/hr/onboarding/[runId],HR,HR|Admin|Manager,Run-level scope enforcement,Task checklist and status updates,P1,NOT_TESTED,,Manager,QA-0083-MANAGER,NOT_TESTED,
QA-0084,Admin,/admin,Admin,Admin|Founder,Admin-only route enforcement,Dashboard render and navigation integrity,P1,NOT_TESTED,,Admin,QA-0084-ADMIN,NOT_TESTED,
QA-0084,Admin,/admin,Admin,Admin|Founder,Admin-only route enforcement,Dashboard render and navigation integrity,P1,NOT_TESTED,,Founder,QA-0084-FOUNDER,NOT_TESTED,
QA-0085,Admin,/admin/settings,Admin,Admin|Founder,Admin-only route enforcement,Settings save/error states,P1,NOT_TESTED,,Admin,QA-0085-ADMIN,NOT_TESTED,
QA-0085,Admin,/admin/settings,Admin,Admin|Founder,Admin-only route enforcement,Settings save/error states,P1,NOT_TESTED,,Founder,QA-0085-FOUNDER,NOT_TESTED,
QA-0086,Admin,/admin/system-overview,Admin,Admin|Founder,Admin-only route enforcement,Metrics/cards and state handling,P1,NOT_TESTED,,Admin,QA-0086-ADMIN,NOT_TESTED,
QA-0086,Admin,/admin/system-overview,Admin,Admin|Founder,Admin-only route enforcement,Metrics/cards and state handling,P1,NOT_TESTED,,Founder,QA-0086-FOUNDER,NOT_TESTED,
QA-0087,Admin,/admin/integrations,Admin,Admin|Founder,Admin-only route enforcement,Integration status and error UX,P1,NOT_TESTED,,Admin,QA-0087-ADMIN,NOT_TESTED,
QA-0087,Admin,/admin/integrations,Admin,Admin|Founder,Admin-only route enforcement,Integration status and error UX,P1,NOT_TESTED,,Founder,QA-0087-FOUNDER,NOT_TESTED,
QA-0088,Admin,/admin/users,Admin,Admin|Founder,Admin-only route enforcement,User list/filter/edit modal behavior,P0,NOT_TESTED,,Admin,QA-0088-ADMIN,NOT_TESTED,
QA-0088,Admin,/admin/users,Admin,Admin|Founder,Admin-only route enforcement,User list/filter/edit modal behavior,P0,NOT_TESTED,,Founder,QA-0088-FOUNDER,NOT_TESTED,
QA-0089,Admin,/admin/roles,Admin,Admin|Founder,Admin-only route enforcement,Role matrix and override interactions,P0,NOT_TESTED,,Admin,QA-0089-ADMIN,NOT_TESTED,
QA-0089,Admin,/admin/roles,Admin,Admin|Founder,Admin-only route enforcement,Role matrix and override interactions,P0,NOT_TESTED,,Founder,QA-0089-FOUNDER,NOT_TESTED,
QA-0090,Admin,/admin/teams,Admin,Admin|Founder,Admin-only route enforcement,Team CRUD microstates,P1,NOT_TESTED,,Admin,QA-0090-ADMIN,NOT_TESTED,
QA-0090,Admin,/admin/teams,Admin,Admin|Founder,Admin-only route enforcement,Team CRUD microstates,P1,NOT_TESTED,,Founder,QA-0090-FOUNDER,NOT_TESTED,
QA-0091,Admin,/admin/sub-teams,Admin,Admin|Founder,Admin-only route enforcement,Sub-team CRUD microstates,P1,NOT_TESTED,,Admin,QA-0091-ADMIN,NOT_TESTED,
QA-0091,Admin,/admin/sub-teams,Admin,Admin|Founder,Admin-only route enforcement,Sub-team CRUD microstates,P1,NOT_TESTED,,Founder,QA-0091-FOUNDER,NOT_TESTED,
QA-0092,Admin,/admin/departments,Admin,Admin|Founder,Admin-only route enforcement,Department CRUD microstates,P1,NOT_TESTED,,Admin,QA-0092-ADMIN,NOT_TESTED,
QA-0092,Admin,/admin/departments,Admin,Admin|Founder,Admin-only route enforcement,Department CRUD microstates,P1,NOT_TESTED,,Founder,QA-0092-FOUNDER,NOT_TESTED,
QA-0093,Admin,/admin/categories,Admin,Admin|Founder,Admin-only route enforcement,Category CRUD behavior,P2,NOT_TESTED,,Admin,QA-0093-ADMIN,NOT_TESTED,
QA-0093,Admin,/admin/categories,Admin,Admin|Founder,Admin-only route enforcement,Category CRUD behavior,P2,NOT_TESTED,,Founder,QA-0093-FOUNDER,NOT_TESTED,
QA-0094,Admin,/admin/notifications,Admin,Admin|Founder,Admin-only route enforcement,Feed/filter and delivery states,P2,NOT_TESTED,,Admin,QA-0094-ADMIN,NOT_TESTED,
QA-0094,Admin,/admin/notifications,Admin,Admin|Founder,Admin-only route enforcement,Feed/filter and delivery states,P2,NOT_TESTED,,Founder,QA-0094-FOUNDER,NOT_TESTED,
QA-0095,Admin,/admin/privacy,Admin,Admin|Founder,Admin-only route enforcement,Privacy controls and validation,P2,NOT_TESTED,,Admin,QA-0095-ADMIN,NOT_TESTED,
QA-0095,Admin,/admin/privacy,Admin,Admin|Founder,Admin-only route enforcement,Privacy controls and validation,P2,NOT_TESTED,,Founder,QA-0095-FOUNDER,NOT_TESTED,
QA-0096,Admin,/admin/scan-logs,Admin,Admin|Founder,Admin-only route enforcement,Log table states and filtering,P2,NOT_TESTED,,Admin,QA-0096-ADMIN,NOT_TESTED,
QA-0096,Admin,/admin/scan-logs,Admin,Admin|Founder,Admin-only route enforcement,Log table states and filtering,P2,NOT_TESTED,,Founder,QA-0096-FOUNDER,NOT_TESTED,
QA-0097,Admin,/admin/pending,Admin,Admin|Founder,Admin-only route enforcement,Pending list and action controls,P2,NOT_TESTED,,Admin,QA-0097-ADMIN,NOT_TESTED,
QA-0097,Admin,/admin/pending,Admin,Admin|Founder,Admin-only route enforcement,Pending list and action controls,P2,NOT_TESTED,,Founder,QA-0097-FOUNDER,NOT_TESTED,
QA-0098,Admin,/admin/applications,Admin,Admin|Founder|HR,Role-scoped list access,Pipeline/list states and actions,P1,NOT_TESTED,,Admin,QA-0098-ADMIN,NOT_TESTED,
QA-0098,Admin,/admin/applications,Admin,Admin|Founder|HR,Role-scoped list access,Pipeline/list states and actions,P1,NOT_TESTED,,Founder,QA-0098-FOUNDER,NOT_TESTED,
QA-0098,Admin,/admin/applications,Admin,Admin|Founder|HR,Role-scoped list access,Pipeline/list states and actions,P1,NOT_TESTED,,HR,QA-0098-HR,NOT_TESTED,
QA-0099,Admin,/admin/recruitment,Admin,Admin|Founder|HR|Manager,Role-scoped list access,List/detail state consistency,P1,NOT_TESTED,,Admin,QA-0099-ADMIN,NOT_TESTED,
QA-0099,Admin,/admin/recruitment,Admin,Admin|Founder|HR|Manager,Role-scoped list access,List/detail state consistency,P1,NOT_TESTED,,Founder,QA-0099-FOUNDER,NOT_TESTED,
QA-0099,Admin,/admin/recruitment,Admin,Admin|Founder|HR|Manager,Role-scoped list access,List/detail state consistency,P1,NOT_TESTED,,HR,QA-0099-HR,NOT_TESTED,
QA-0099,Admin,/admin/recruitment,Admin,Admin|Founder|HR|Manager,Role-scoped list access,List/detail state consistency,P1,NOT_TESTED,,Manager,QA-0099-MANAGER,NOT_TESTED,
QA-0100,Admin,/admin/recruitment/[id],Admin,Admin|Founder|HR|Manager,Record-level scope enforcement,Detail action controls,P1,NOT_TESTED,,Admin,QA-0100-ADMIN,NOT_TESTED,
QA-0100,Admin,/admin/recruitment/[id],Admin,Admin|Founder|HR|Manager,Record-level scope enforcement,Detail action controls,P1,NOT_TESTED,,Founder,QA-0100-FOUNDER,NOT_TESTED,
QA-0100,Admin,/admin/recruitment/[id],Admin,Admin|Founder|HR|Manager,Record-level scope enforcement,Detail action controls,P1,NOT_TESTED,,HR,QA-0100-HR,NOT_TESTED,
QA-0100,Admin,/admin/recruitment/[id],Admin,Admin|Founder|HR|Manager,Record-level scope enforcement,Detail action controls,P1,NOT_TESTED,,Manager,QA-0100-MANAGER,NOT_TESTED,
QA-0101,Admin,/admin/interviews,Admin,Admin|Founder|HR|Manager,Role-scoped access,Interview scheduling and status UX,P1,NOT_TESTED,,Admin,QA-0101-ADMIN,NOT_TESTED,
QA-0101,Admin,/admin/interviews,Admin,Admin|Founder|HR|Manager,Role-scoped access,Interview scheduling and status UX,P1,NOT_TESTED,,Founder,QA-0101-FOUNDER,NOT_TESTED,
QA-0101,Admin,/admin/interviews,Admin,Admin|Founder|HR|Manager,Role-scoped access,Interview scheduling and status UX,P1,NOT_TESTED,,HR,QA-0101-HR,NOT_TESTED,
QA-0101,Admin,/admin/interviews,Admin,Admin|Founder|HR|Manager,Role-scoped access,Interview scheduling and status UX,P1,NOT_TESTED,,Manager,QA-0101-MANAGER,NOT_TESTED,
QA-0102,Admin,/admin/jobs,Admin,Admin|Founder|HR,Role-scoped access,Jobs list/filter/empty states,P1,NOT_TESTED,,Admin,QA-0102-ADMIN,NOT_TESTED,
QA-0102,Admin,/admin/jobs,Admin,Admin|Founder|HR,Role-scoped access,Jobs list/filter/empty states,P1,NOT_TESTED,,Founder,QA-0102-FOUNDER,NOT_TESTED,
QA-0102,Admin,/admin/jobs,Admin,Admin|Founder|HR,Role-scoped access,Jobs list/filter/empty states,P1,NOT_TESTED,,HR,QA-0102-HR,NOT_TESTED,
QA-0103,Admin,/admin/jobs/[id]/edit,Admin,Admin|Founder|HR,Edit scope enforcement,Form validation and save UX,P1,NOT_TESTED,,Admin,QA-0103-ADMIN,NOT_TESTED,
QA-0103,Admin,/admin/jobs/[id]/edit,Admin,Admin|Founder|HR,Edit scope enforcement,Form validation and save UX,P1,NOT_TESTED,,Founder,QA-0103-FOUNDER,NOT_TESTED,
QA-0103,Admin,/admin/jobs/[id]/edit,Admin,Admin|Founder|HR,Edit scope enforcement,Form validation and save UX,P1,NOT_TESTED,,HR,QA-0103-HR,NOT_TESTED,
QA-0104,Admin,/admin/jobs/[id]/applications,Admin,Admin|Founder|HR,Record-level scope enforcement,Applications list and stage chips,P1,NOT_TESTED,,Admin,QA-0104-ADMIN,NOT_TESTED,
QA-0104,Admin,/admin/jobs/[id]/applications,Admin,Admin|Founder|HR,Record-level scope enforcement,Applications list and stage chips,P1,NOT_TESTED,,Founder,QA-0104-FOUNDER,NOT_TESTED,
QA-0104,Admin,/admin/jobs/[id]/applications,Admin,Admin|Founder|HR,Record-level scope enforcement,Applications list and stage chips,P1,NOT_TESTED,,HR,QA-0104-HR,NOT_TESTED,
QA-0105,Admin,/admin/offer-templates,Admin,Admin|Founder|HR,Role-scoped access,List/empty/search states,P2,NOT_TESTED,,Admin,QA-0105-ADMIN,NOT_TESTED,
QA-0105,Admin,/admin/offer-templates,Admin,Admin|Founder|HR,Role-scoped access,List/empty/search states,P2,NOT_TESTED,,Founder,QA-0105-FOUNDER,NOT_TESTED,
QA-0105,Admin,/admin/offer-templates,Admin,Admin|Founder|HR,Role-scoped access,List/empty/search states,P2,NOT_TESTED,,HR,QA-0105-HR,NOT_TESTED,
QA-0106,Admin,/admin/offer-templates/new,Admin,Admin|Founder|HR,Create access enforcement,Form validation and submit UX,P2,NOT_TESTED,,Admin,QA-0106-ADMIN,NOT_TESTED,
QA-0106,Admin,/admin/offer-templates/new,Admin,Admin|Founder|HR,Create access enforcement,Form validation and submit UX,P2,NOT_TESTED,,Founder,QA-0106-FOUNDER,NOT_TESTED,
QA-0106,Admin,/admin/offer-templates/new,Admin,Admin|Founder|HR,Create access enforcement,Form validation and submit UX,P2,NOT_TESTED,,HR,QA-0106-HR,NOT_TESTED,
QA-0107,Admin,/admin/offer-templates/[id]/edit,Admin,Admin|Founder|HR,Edit access enforcement,Form validation and save UX,P2,NOT_TESTED,,Admin,QA-0107-ADMIN,NOT_TESTED,
QA-0107,Admin,/admin/offer-templates/[id]/edit,Admin,Admin|Founder|HR,Edit access enforcement,Form validation and save UX,P2,NOT_TESTED,,Founder,QA-0107-FOUNDER,NOT_TESTED,
QA-0107,Admin,/admin/offer-templates/[id]/edit,Admin,Admin|Founder|HR,Edit access enforcement,Form validation and save UX,P2,NOT_TESTED,,HR,QA-0107-HR,NOT_TESTED,
QA-0108,Admin,/admin/broadcasts,Admin,Admin|Founder|HR,Role-scoped route enforcement,Broadcast management states,P2,NOT_TESTED,,Admin,QA-0108-ADMIN,NOT_TESTED,
QA-0108,Admin,/admin/broadcasts,Admin,Admin|Founder|HR,Role-scoped route enforcement,Broadcast management states,P2,NOT_TESTED,,Founder,QA-0108-FOUNDER,NOT_TESTED,
QA-0108,Admin,/admin/broadcasts,Admin,Admin|Founder|HR,Role-scoped route enforcement,Broadcast management states,P2,NOT_TESTED,,HR,QA-0108-HR,NOT_TESTED,
QA-0109,Admin,/admin/leave,Admin,Admin|Founder|HR|Manager,Role-scoped access,Approval actions and status transitions,P1,NOT_TESTED,,Admin,QA-0109-ADMIN,NOT_TESTED,
QA-0109,Admin,/admin/leave,Admin,Admin|Founder|HR|Manager,Role-scoped access,Approval actions and status transitions,P1,NOT_TESTED,,Founder,QA-0109-FOUNDER,NOT_TESTED,
QA-0109,Admin,/admin/leave,Admin,Admin|Founder|HR|Manager,Role-scoped access,Approval actions and status transitions,P1,NOT_TESTED,,HR,QA-0109-HR,NOT_TESTED,
QA-0109,Admin,/admin/leave,Admin,Admin|Founder|HR|Manager,Role-scoped access,Approval actions and status transitions,P1,NOT_TESTED,,Manager,QA-0109-MANAGER,NOT_TESTED,
QA-0110,Admin,/admin/rota,Admin,Admin|Founder|HR|Manager,Role-scoped access,Rota state and action controls,P2,NOT_TESTED,,Admin,QA-0110-ADMIN,NOT_TESTED,
QA-0110,Admin,/admin/rota,Admin,Admin|Founder|HR|Manager,Role-scoped access,Rota state and action controls,P2,NOT_TESTED,,Founder,QA-0110-FOUNDER,NOT_TESTED,
QA-0110,Admin,/admin/rota,Admin,Admin|Founder|HR|Manager,Role-scoped access,Rota state and action controls,P2,NOT_TESTED,,HR,QA-0110-HR,NOT_TESTED,
QA-0110,Admin,/admin/rota,Admin,Admin|Founder|HR|Manager,Role-scoped access,Rota state and action controls,P2,NOT_TESTED,,Manager,QA-0110-MANAGER,NOT_TESTED,
QA-0111,Admin,/admin/rota-import,Admin,Admin|Founder,Admin-only route enforcement,Import validation and error reporting,P1,NOT_TESTED,,Admin,QA-0111-ADMIN,NOT_TESTED,
QA-0111,Admin,/admin/rota-import,Admin,Admin|Founder,Admin-only route enforcement,Import validation and error reporting,P1,NOT_TESTED,,Founder,QA-0111-FOUNDER,NOT_TESTED,
QA-0112,Admin,/admin/discount,Admin,Admin|Founder,Admin-only route enforcement,Discount config states and validation,P2,NOT_TESTED,,Admin,QA-0112-ADMIN,NOT_TESTED,
QA-0112,Admin,/admin/discount,Admin,Admin|Founder,Admin-only route enforcement,Discount config states and validation,P2,NOT_TESTED,,Founder,QA-0112-FOUNDER,NOT_TESTED,
QA-0113,Admin HR,/admin/hr,Admin,Admin|Founder,Admin-only route enforcement,HR mirror hub state consistency,P1,NOT_TESTED,,Admin,QA-0113-ADMIN,NOT_TESTED,
QA-0113,Admin HR,/admin/hr,Admin,Admin|Founder,Admin-only route enforcement,HR mirror hub state consistency,P1,NOT_TESTED,,Founder,QA-0113-FOUNDER,NOT_TESTED,
QA-0114,Admin HR,/admin/hr/[userId],Admin,Admin|Founder,Record-level admin access,Sensitive detail sections and tabs,P0,NOT_TESTED,,Admin,QA-0114-ADMIN,NOT_TESTED,
QA-0114,Admin HR,/admin/hr/[userId],Admin,Admin|Founder,Record-level admin access,Sensitive detail sections and tabs,P0,NOT_TESTED,,Founder,QA-0114-FOUNDER,NOT_TESTED,
QA-0115,Admin HR,/admin/hr/custom-fields,Admin,Admin|Founder,Admin-only route enforcement,Custom field CRUD microstates,P1,NOT_TESTED,,Admin,QA-0115-ADMIN,NOT_TESTED,
QA-0115,Admin HR,/admin/hr/custom-fields,Admin,Admin|Founder,Admin-only route enforcement,Custom field CRUD microstates,P1,NOT_TESTED,,Founder,QA-0115-FOUNDER,NOT_TESTED,
QA-0116,Admin HR,/admin/hr/onboarding,Admin,Admin|Founder,Admin-only route enforcement,Onboarding hub and list states,P1,NOT_TESTED,,Admin,QA-0116-ADMIN,NOT_TESTED,
QA-0116,Admin HR,/admin/hr/onboarding,Admin,Admin|Founder,Admin-only route enforcement,Onboarding hub and list states,P1,NOT_TESTED,,Founder,QA-0116-FOUNDER,NOT_TESTED,
QA-0117,Admin HR,/admin/hr/onboarding/[runId],Admin,Admin|Founder,Run-level admin access,Run detail/task states,P1,NOT_TESTED,,Admin,QA-0117-ADMIN,NOT_TESTED,
QA-0117,Admin HR,/admin/hr/onboarding/[runId],Admin,Admin|Founder,Run-level admin access,Run detail/task states,P1,NOT_TESTED,,Founder,QA-0117-FOUNDER,NOT_TESTED,
QA-0118,Admin HR,/admin/hr/performance,Admin,Admin|Founder,Admin-only route enforcement,Cycle list/status behavior,P1,NOT_TESTED,,Admin,QA-0118-ADMIN,NOT_TESTED,
QA-0118,Admin HR,/admin/hr/performance,Admin,Admin|Founder,Admin-only route enforcement,Cycle list/status behavior,P1,NOT_TESTED,,Founder,QA-0118-FOUNDER,NOT_TESTED,
QA-0119,Admin HR,/admin/hr/performance/[cycleId],Admin,Admin|Founder,Cycle-level admin access,Detail actions and state chips,P1,NOT_TESTED,,Admin,QA-0119-ADMIN,NOT_TESTED,
QA-0119,Admin HR,/admin/hr/performance/[cycleId],Admin,Admin|Founder,Cycle-level admin access,Detail actions and state chips,P1,NOT_TESTED,,Founder,QA-0119-FOUNDER,NOT_TESTED,
QA-0120,Admin HR,/admin/hr/one-on-ones,Admin,Admin|Founder,Admin-only route enforcement,List privacy and action controls,P1,NOT_TESTED,,Admin,QA-0120-ADMIN,NOT_TESTED,
QA-0120,Admin HR,/admin/hr/one-on-ones,Admin,Admin|Founder,Admin-only route enforcement,List privacy and action controls,P1,NOT_TESTED,,Founder,QA-0120-FOUNDER,NOT_TESTED,
QA-0121,Admin HR,/admin/hr/absence-reporting,Admin,Admin|Founder,Admin-only route enforcement,Report list/detail states,P1,NOT_TESTED,,Admin,QA-0121-ADMIN,NOT_TESTED,
QA-0121,Admin HR,/admin/hr/absence-reporting,Admin,Admin|Founder,Admin-only route enforcement,Report list/detail states,P1,NOT_TESTED,,Founder,QA-0121-FOUNDER,NOT_TESTED,
QA-0122,Admin HR,/admin/hr/hr-metric-alerts,Admin,Admin|Founder,Admin-only route enforcement,Alert threshold cards/state,P1,NOT_TESTED,,Admin,QA-0122-ADMIN,NOT_TESTED,
QA-0122,Admin HR,/admin/hr/hr-metric-alerts,Admin,Admin|Founder,Admin-only route enforcement,Alert threshold cards/state,P1,NOT_TESTED,,Founder,QA-0122-FOUNDER,NOT_TESTED,
QA-0123,Admin HR,/admin/hr/org-chart,Admin,Admin|Founder|HR|Manager,Role-scoped route enforcement,Tree render and live badge stability,P1,NOT_TESTED,,Admin,QA-0123-ADMIN,NOT_TESTED,
QA-0123,Admin HR,/admin/hr/org-chart,Admin,Admin|Founder|HR|Manager,Role-scoped route enforcement,Tree render and live badge stability,P1,NOT_TESTED,,Founder,QA-0123-FOUNDER,NOT_TESTED,
QA-0123,Admin HR,/admin/hr/org-chart,Admin,Admin|Founder|HR|Manager,Role-scoped route enforcement,Tree render and live badge stability,P1,NOT_TESTED,,HR,QA-0123-HR,NOT_TESTED,
QA-0123,Admin HR,/admin/hr/org-chart,Admin,Admin|Founder|HR|Manager,Role-scoped route enforcement,Tree render and live badge stability,P1,NOT_TESTED,,Manager,QA-0123-MANAGER,NOT_TESTED,
QA-0124,Discount,/discount,Employee,Employee|Manager|HR|Finance|Admin,Route visibility by role,Scan/state transitions and copy quality,P2,NOT_TESTED,,Employee,QA-0124-EMPLOYEE,NOT_TESTED,
QA-0124,Discount,/discount,Employee,Employee|Manager|HR|Finance|Admin,Route visibility by role,Scan/state transitions and copy quality,P2,NOT_TESTED,,Manager,QA-0124-MANAGER,NOT_TESTED,
QA-0124,Discount,/discount,Employee,Employee|Manager|HR|Finance|Admin,Route visibility by role,Scan/state transitions and copy quality,P2,NOT_TESTED,,HR,QA-0124-HR,NOT_TESTED,
QA-0124,Discount,/discount,Employee,Employee|Manager|HR|Finance|Admin,Route visibility by role,Scan/state transitions and copy quality,P2,NOT_TESTED,,Finance,QA-0124-FINANCE,NOT_TESTED,
QA-0124,Discount,/discount,Employee,Employee|Manager|HR|Finance|Admin,Route visibility by role,Scan/state transitions and copy quality,P2,NOT_TESTED,,Admin,QA-0124-ADMIN,NOT_TESTED,
QA-0125,Discount,/discount/scan,Employee,Employee|Manager|HR|Finance|Admin,Route visibility by role,Scanner input and invalid-success states,P2,NOT_TESTED,,Employee,QA-0125-EMPLOYEE,NOT_TESTED,
QA-0125,Discount,/discount/scan,Employee,Employee|Manager|HR|Finance|Admin,Route visibility by role,Scanner input and invalid-success states,P2,NOT_TESTED,,Manager,QA-0125-MANAGER,NOT_TESTED,
QA-0125,Discount,/discount/scan,Employee,Employee|Manager|HR|Finance|Admin,Route visibility by role,Scanner input and invalid-success states,P2,NOT_TESTED,,HR,QA-0125-HR,NOT_TESTED,
QA-0125,Discount,/discount/scan,Employee,Employee|Manager|HR|Finance|Admin,Route visibility by role,Scanner input and invalid-success states,P2,NOT_TESTED,,Finance,QA-0125-FINANCE,NOT_TESTED,
QA-0125,Discount,/discount/scan,Employee,Employee|Manager|HR|Finance|Admin,Route visibility by role,Scanner input and invalid-success states,P2,NOT_TESTED,,Admin,QA-0125-ADMIN,NOT_TESTED,
QA-0126,Founder,/founders,Founder,Founder|Admin,Founder-only route enforcement,Dashboard render and restricted controls,P2,NOT_TESTED,,Founder,QA-0126-FOUNDER,NOT_TESTED,
QA-0126,Founder,/founders,Founder,Founder|Admin,Founder-only route enforcement,Dashboard render and restricted controls,P2,NOT_TESTED,,Admin,QA-0126-ADMIN,NOT_TESTED,
QA-0127,Public Jobs,/jobs,Public,Public|Candidate|Employee|Manager|HR|Finance|Admin|Founder,Public accessible route,"List loading, empty state, card navigation",P0,NOT_TESTED,,Public,QA-0127-PUBLIC,NOT_TESTED,
QA-0127,Public Jobs,/jobs,Public,Public|Candidate|Employee|Manager|HR|Finance|Admin|Founder,Public accessible route,"List loading, empty state, card navigation",P0,NOT_TESTED,,Candidate,QA-0127-CANDIDATE,NOT_TESTED,
QA-0127,Public Jobs,/jobs,Public,Public|Candidate|Employee|Manager|HR|Finance|Admin|Founder,Public accessible route,"List loading, empty state, card navigation",P0,NOT_TESTED,,Employee,QA-0127-EMPLOYEE,NOT_TESTED,
QA-0127,Public Jobs,/jobs,Public,Public|Candidate|Employee|Manager|HR|Finance|Admin|Founder,Public accessible route,"List loading, empty state, card navigation",P0,NOT_TESTED,,Manager,QA-0127-MANAGER,NOT_TESTED,
QA-0127,Public Jobs,/jobs,Public,Public|Candidate|Employee|Manager|HR|Finance|Admin|Founder,Public accessible route,"List loading, empty state, card navigation",P0,NOT_TESTED,,HR,QA-0127-HR,NOT_TESTED,
QA-0127,Public Jobs,/jobs,Public,Public|Candidate|Employee|Manager|HR|Finance|Admin|Founder,Public accessible route,"List loading, empty state, card navigation",P0,NOT_TESTED,,Finance,QA-0127-FINANCE,NOT_TESTED,
QA-0127,Public Jobs,/jobs,Public,Public|Candidate|Employee|Manager|HR|Finance|Admin|Founder,Public accessible route,"List loading, empty state, card navigation",P0,NOT_TESTED,,Admin,QA-0127-ADMIN,NOT_TESTED,
QA-0127,Public Jobs,/jobs,Public,Public|Candidate|Employee|Manager|HR|Finance|Admin|Founder,Public accessible route,"List loading, empty state, card navigation",P0,NOT_TESTED,,Founder,QA-0127-FOUNDER,NOT_TESTED,
QA-0128,Public Jobs,/jobs/[slug],Public,Public|Candidate|Employee|Manager|HR|Finance|Admin|Founder,Public accessible route,"Detail render, invalid slug behavior",P0,NOT_TESTED,,Public,QA-0128-PUBLIC,NOT_TESTED,
QA-0128,Public Jobs,/jobs/[slug],Public,Public|Candidate|Employee|Manager|HR|Finance|Admin|Founder,Public accessible route,"Detail render, invalid slug behavior",P0,NOT_TESTED,,Candidate,QA-0128-CANDIDATE,NOT_TESTED,
QA-0128,Public Jobs,/jobs/[slug],Public,Public|Candidate|Employee|Manager|HR|Finance|Admin|Founder,Public accessible route,"Detail render, invalid slug behavior",P0,NOT_TESTED,,Employee,QA-0128-EMPLOYEE,NOT_TESTED,
QA-0128,Public Jobs,/jobs/[slug],Public,Public|Candidate|Employee|Manager|HR|Finance|Admin|Founder,Public accessible route,"Detail render, invalid slug behavior",P0,NOT_TESTED,,Manager,QA-0128-MANAGER,NOT_TESTED,
QA-0128,Public Jobs,/jobs/[slug],Public,Public|Candidate|Employee|Manager|HR|Finance|Admin|Founder,Public accessible route,"Detail render, invalid slug behavior",P0,NOT_TESTED,,HR,QA-0128-HR,NOT_TESTED,
QA-0128,Public Jobs,/jobs/[slug],Public,Public|Candidate|Employee|Manager|HR|Finance|Admin|Founder,Public accessible route,"Detail render, invalid slug behavior",P0,NOT_TESTED,,Finance,QA-0128-FINANCE,NOT_TESTED,
QA-0128,Public Jobs,/jobs/[slug],Public,Public|Candidate|Employee|Manager|HR|Finance|Admin|Founder,Public accessible route,"Detail render, invalid slug behavior",P0,NOT_TESTED,,Admin,QA-0128-ADMIN,NOT_TESTED,
QA-0128,Public Jobs,/jobs/[slug],Public,Public|Candidate|Employee|Manager|HR|Finance|Admin|Founder,Public accessible route,"Detail render, invalid slug behavior",P0,NOT_TESTED,,Founder,QA-0128-FOUNDER,NOT_TESTED,
QA-0129,Public Jobs,/jobs/[slug]/apply,Candidate,Public|Candidate,Auth/ownership behavior in apply flow,"Form validation, submit, error handling",P0,NOT_TESTED,,Public,QA-0129-PUBLIC,NOT_TESTED,
QA-0129,Public Jobs,/jobs/[slug]/apply,Candidate,Public|Candidate,Auth/ownership behavior in apply flow,"Form validation, submit, error handling",P0,NOT_TESTED,,Candidate,QA-0129-CANDIDATE,NOT_TESTED,
QA-0130,Public Jobs,/jobs/login,Candidate,Public|Candidate,Candidate auth route behavior,Validation and redirect correctness,P1,NOT_TESTED,,Public,QA-0130-PUBLIC,NOT_TESTED,
QA-0130,Public Jobs,/jobs/login,Candidate,Public|Candidate,Candidate auth route behavior,Validation and redirect correctness,P1,NOT_TESTED,,Candidate,QA-0130-CANDIDATE,NOT_TESTED,
QA-0131,Public Jobs,/jobs/register,Candidate,Public|Candidate,Candidate auth route behavior,Validation and redirect correctness,P1,NOT_TESTED,,Public,QA-0131-PUBLIC,NOT_TESTED,
QA-0131,Public Jobs,/jobs/register,Candidate,Public|Candidate,Candidate auth route behavior,Validation and redirect correctness,P1,NOT_TESTED,,Candidate,QA-0131-CANDIDATE,NOT_TESTED,
QA-0132,Public Jobs,/jobs/forgot-password,Candidate,Public|Candidate,Candidate auth route behavior,Reset request UX and messaging,P1,NOT_TESTED,,Public,QA-0132-PUBLIC,NOT_TESTED,
QA-0132,Public Jobs,/jobs/forgot-password,Candidate,Public|Candidate,Candidate auth route behavior,Reset request UX and messaging,P1,NOT_TESTED,,Candidate,QA-0132-CANDIDATE,NOT_TESTED,
QA-0133,Public Jobs,/jobs/me,Candidate,Candidate,Candidate-owned route enforcement,Application list and empty states,P0,NOT_TESTED,,Candidate,QA-0133-CANDIDATE,NOT_TESTED,
QA-0134,Public Jobs,/jobs/me/profile,Candidate,Candidate,Candidate-owned route enforcement,Profile save and validation states,P1,NOT_TESTED,,Candidate,QA-0134-CANDIDATE,NOT_TESTED,
QA-0135,Public Jobs,/jobs/me/[applicationId],Candidate,Candidate,Candidate-owned record enforcement,Status detail and timeline rendering,P0,NOT_TESTED,,Candidate,QA-0135-CANDIDATE,NOT_TESTED,
QA-0136,Public Jobs,/jobs/status/[token],Candidate,Public|Candidate,Token validation behavior,Invalid/expired token UX,P0,NOT_TESTED,,Public,QA-0136-PUBLIC,NOT_TESTED,
QA-0136,Public Jobs,/jobs/status/[token],Candidate,Public|Candidate,Token validation behavior,Invalid/expired token UX,P0,NOT_TESTED,,Candidate,QA-0136-CANDIDATE,NOT_TESTED,
QA-0137,Public Jobs,/jobs/offer-sign/[token],Candidate,Public|Candidate,Token validation and signing access,Sign flow success/error states,P0,NOT_TESTED,,Public,QA-0137-PUBLIC,NOT_TESTED,
QA-0137,Public Jobs,/jobs/offer-sign/[token],Candidate,Public|Candidate,Token validation and signing access,Sign flow success/error states,P0,NOT_TESTED,,Candidate,QA-0137-CANDIDATE,NOT_TESTED,
QA-0138,Onboarding,/onboarding,Employee,Employee|Manager|HR|Admin,Protected route; assignment visibility,Task list/progress states,P1,NOT_TESTED,,Employee,QA-0138-EMPLOYEE,NOT_TESTED,
QA-0138,Onboarding,/onboarding,Employee,Employee|Manager|HR|Admin,Protected route; assignment visibility,Task list/progress states,P1,NOT_TESTED,,Manager,QA-0138-MANAGER,NOT_TESTED,
QA-0138,Onboarding,/onboarding,Employee,Employee|Manager|HR|Admin,Protected route; assignment visibility,Task list/progress states,P1,NOT_TESTED,,HR,QA-0138-HR,NOT_TESTED,
QA-0138,Onboarding,/onboarding,Employee,Employee|Manager|HR|Admin,Protected route; assignment visibility,Task list/progress states,P1,NOT_TESTED,,Admin,QA-0138-ADMIN,NOT_TESTED,
QA-0139,Recruitment,/hr/recruitment,HR,HR|Admin|Manager,Role-scoped route enforcement,List and filter state integrity,P1,NOT_TESTED,,HR,QA-0139-HR,NOT_TESTED,
QA-0139,Recruitment,/hr/recruitment,HR,HR|Admin|Manager,Role-scoped route enforcement,List and filter state integrity,P1,NOT_TESTED,,Admin,QA-0139-ADMIN,NOT_TESTED,
QA-0139,Recruitment,/hr/recruitment,HR,HR|Admin|Manager,Role-scoped route enforcement,List and filter state integrity,P1,NOT_TESTED,,Manager,QA-0139-MANAGER,NOT_TESTED,
QA-0140,Recruitment,/admin/recruitment,Admin,Admin|HR|Manager,Role-scoped route enforcement,List/detail transitions,P1,NOT_TESTED,,Admin,QA-0140-ADMIN,NOT_TESTED,
QA-0140,Recruitment,/admin/recruitment,Admin,Admin|HR|Manager,Role-scoped route enforcement,List/detail transitions,P1,NOT_TESTED,,HR,QA-0140-HR,NOT_TESTED,
QA-0140,Recruitment,/admin/recruitment,Admin,Admin|HR|Manager,Role-scoped route enforcement,List/detail transitions,P1,NOT_TESTED,,Manager,QA-0140-MANAGER,NOT_TESTED,
QA-0141,Admin Ops,/admin/discount,Admin,Admin|Founder,Admin-only route enforcement,Discount admin controls and validation,P2,NOT_TESTED,,Admin,QA-0141-ADMIN,NOT_TESTED,
QA-0141,Admin Ops,/admin/discount,Admin,Admin|Founder,Admin-only route enforcement,Discount admin controls and validation,P2,NOT_TESTED,,Founder,QA-0141-FOUNDER,NOT_TESTED,
QA-0142,Admin Ops,/admin/settings,Admin,Admin|Founder,Admin-only route enforcement,Settings persistence and error handling,P1,NOT_TESTED,,Admin,QA-0142-ADMIN,NOT_TESTED,
QA-0142,Admin Ops,/admin/settings,Admin,Admin|Founder,Admin-only route enforcement,Settings persistence and error handling,P1,NOT_TESTED,,Founder,QA-0142-FOUNDER,NOT_TESTED,
QA-0143,Cross-Cutting,ALL_FRONTEND_ROUTES,QA,Public|Candidate|Employee|Manager|HR|Finance|Admin|Founder|Locked,Run full role matrix across every listed route,"Accessibility pass, responsive pass, keyboard pass, no console errors",P0,NOT_TESTED,Master regression row,Public,QA-0143-PUBLIC,NOT_TESTED,
QA-0143,Cross-Cutting,ALL_FRONTEND_ROUTES,QA,Public|Candidate|Employee|Manager|HR|Finance|Admin|Founder|Locked,Run full role matrix across every listed route,"Accessibility pass, responsive pass, keyboard pass, no console errors",P0,NOT_TESTED,Master regression row,Candidate,QA-0143-CANDIDATE,NOT_TESTED,
QA-0143,Cross-Cutting,ALL_FRONTEND_ROUTES,QA,Public|Candidate|Employee|Manager|HR|Finance|Admin|Founder|Locked,Run full role matrix across every listed route,"Accessibility pass, responsive pass, keyboard pass, no console errors",P0,NOT_TESTED,Master regression row,Employee,QA-0143-EMPLOYEE,NOT_TESTED,
QA-0143,Cross-Cutting,ALL_FRONTEND_ROUTES,QA,Public|Candidate|Employee|Manager|HR|Finance|Admin|Founder|Locked,Run full role matrix across every listed route,"Accessibility pass, responsive pass, keyboard pass, no console errors",P0,NOT_TESTED,Master regression row,Manager,QA-0143-MANAGER,NOT_TESTED,
QA-0143,Cross-Cutting,ALL_FRONTEND_ROUTES,QA,Public|Candidate|Employee|Manager|HR|Finance|Admin|Founder|Locked,Run full role matrix across every listed route,"Accessibility pass, responsive pass, keyboard pass, no console errors",P0,NOT_TESTED,Master regression row,HR,QA-0143-HR,NOT_TESTED,
QA-0143,Cross-Cutting,ALL_FRONTEND_ROUTES,QA,Public|Candidate|Employee|Manager|HR|Finance|Admin|Founder|Locked,Run full role matrix across every listed route,"Accessibility pass, responsive pass, keyboard pass, no console errors",P0,NOT_TESTED,Master regression row,Finance,QA-0143-FINANCE,NOT_TESTED,
QA-0143,Cross-Cutting,ALL_FRONTEND_ROUTES,QA,Public|Candidate|Employee|Manager|HR|Finance|Admin|Founder|Locked,Run full role matrix across every listed route,"Accessibility pass, responsive pass, keyboard pass, no console errors",P0,NOT_TESTED,Master regression row,Admin,QA-0143-ADMIN,NOT_TESTED,
QA-0143,Cross-Cutting,ALL_FRONTEND_ROUTES,QA,Public|Candidate|Employee|Manager|HR|Finance|Admin|Founder|Locked,Run full role matrix across every listed route,"Accessibility pass, responsive pass, keyboard pass, no console errors",P0,NOT_TESTED,Master regression row,Founder,QA-0143-FOUNDER,NOT_TESTED,
QA-0143,Cross-Cutting,ALL_FRONTEND_ROUTES,QA,Public|Candidate|Employee|Manager|HR|Finance|Admin|Founder|Locked,Run full role matrix across every listed route,"Accessibility pass, responsive pass, keyboard pass, no console errors",P0,NOT_TESTED,Master regression row,Locked,QA-0143-LOCKED,NOT_TESTED,
